doi,source_folder,is_relevant,studies_treatment,trial_type,phase,is_excluded,exclusion_reason,topics,paper_title,paper_journal,paper_year,paper_authors,paper_volume,paper_issue,paper_pages,paper_url
10.1002/bit.26983,converted,no,no,other,not_applicable,yes,,protein engineering|enzyme optimization|molecular dynamics simulation,,,,,,,,
10.1002/fsn3.1157,converted,yes,no,other,not_applicable,yes,review,nattokinase|molecular mechanisms|proteomics|cardiovascular disease,Study on molecular mechanisms of nattokinase in pharmacological action based on label‐free liquid chromatography–tandem mass spectrometry,Food Science &amp; Nutrition,2019,Xia Pan; Pengyu Liang; Luyao Teng; Yuhao Ren; Jixian Peng; Weizhi Liu; Yan Yang,7,10,3185-3193,https://doi.org/10.1002/fsn3.1157
10.1002/fsn3.2378,converted,no,no,other,not_applicable,yes,,nattokinase|microencapsulation|spray drying|pharmaceutical processing|stability,,,,,,,,
10.1002/fsn3.2051,converted,yes,yes,other,not_applicable,no,,nattokinase | hypercholesterolemia | functional foods | lipid-lowering | animal study,"Functional food mixtures: Inhibition of lipid peroxidation, HMGCoA reductase, and ACAT2 in hypercholesterolemia‐induced rats",Food Science &amp; Nutrition,2021,Noor Syafiqa Aqila Mohd Rosmi; Nurul Husna Shafie; Azrina Azlan; Maizaton Atmadini Abdullah,9,2,875-887,https://doi.org/10.1002/fsn3.2051
10.1002/fsn3.71031,converted,no,no,other,not_applicable,yes,review,probiotic|Bacillus|in vitro assessment,,,,,,,,
10.1002/jbm.a.36232,converted,no,no,other,not_applicable,yes,review,nattokinase | drug delivery | nanocomposites | in vitro thrombolysis,,,,,,,,
10.1002/jbm.a.36703,converted,no,no,other,not_applicable,yes,,nanotechnology|drug delivery|in vitro study|preclinical,,,,,,,,
10.1002/jbm.a.36375,converted,no,no,other,not_applicable,yes,,nattokinase|drug delivery|nanocomposites|thrombolysis|materials science,,,,,,,,
10.1002/pat.4677,converted,no,no,other,not_applicable,yes,,nattokinase | drug delivery | polymer carrier | in vitro | preclinical,,,,,,,,
10.1006/bbrc.1993.2624,converted,no,no,other,not_applicable,yes,review,nattokinase purification | enzyme characterization | biochemistry | not a clinical trial,,,,,,,,
10.1007/s00105-025-05504-1,converted,no,no,other,not_applicable,yes,review,novel foods | allergies | nattokinase allergy | dermatology,,,,,,,,
10.1007/s00203-023-03713-7,converted,no,no,other,not_applicable,yes,review,microbial proteases | nattokinase | review article,,,,,,,,
10.1007/bf01956052,converted,no,no,other,not_applicable,yes,review,nattokinase|fibrinolytic enzyme|biochemistry|in vitro,,,,,,,,
10.1007/978-981-13-7709-9_15,converted,no,no,other,not_applicable,yes,review,fibrinolytic enzymes | thrombolytic therapy | cardiovascular disease | nattokinase overview,,,,,,,,
10.1007/s00253-005-0159-7,converted,no,no,other,not_applicable,yes,review,fibrinolytic enzymes | nattokinase | thrombolytic therapy | mini-review,,,,,,,,
10.1007/s00253-006-0809-4,converted,no,no,other,not_applicable,yes,,nattokinase expression | lactococcus lactis | biotechnology | enzyme production,,,,,,,,
10.1007/s00253-019-09804-0,converted,no,no,other,not_applicable,yes,,biotechnology | fermentation | bacitracin production | soybean meal | bacterial strain engineering,,,,,,,,
10.1007/s00253-019-10044-5,converted,no,no,other,not_applicable,yes,,vitamin K2 production | Bacillus subtilis fermentation | biotechnology,,,,,,,,
10.1007/s00449-005-0032-1,converted,no,no,other,not_applicable,yes,,protein purification|bioprocess engineering|nattokinase extraction,,,,,,,,
10.1007/s00253-006-0484-5,converted,no,no,other,not_applicable,yes,,nattokinase purification | protein separation | magnetic beads | bioengineering,,,,,,,,
10.1007/s00449-011-0527-x,converted,no,no,other,not_applicable,yes,,fermentation|bioprocess engineering|nattokinase production,,,,,,,,
10.1007/s00449-012-0760-y,converted,no,no,other,not_applicable,yes,,nattokinase production | metabolic engineering | Bacillus subtilis fermentation | enzyme production optimization,,,,,,,,
10.1007/s00449-025-03151-3,converted,no,no,other,not_applicable,yes,,nattokinase production | fermentation optimization | Bacillus subtilis | bioprocess engineering,,,,,,,,
10.1007/s00894-019-4225-y,converted,no,no,other,not_applicable,yes,protocol,computational mutagenesis | protein engineering | immunogenicity reduction | in silico analysis,,,,,,,,
10.1007/s10068-019-00580-1,converted,yes,yes,other,not_applicable,no,,nattokinase|anti-thrombotic|animal model|safety|hemorrhage,Comparative anti-thrombotic activity and haemorrhagic adverse effect of nattokinase and tissue-type plasminogen activator,Food Science and Biotechnology,2019,Haiyu Guo; Young-Hwan Ban; Yeseul Cha; Eun Suk An; Jieun Choi; Da Woom Seo; Dongsun Park; Ehn-Kyoung Choi; Yun-Bae Kim,28,5,1535-1542,https://doi.org/10.1007/s10068-019-00580-1
10.1007/s10295-014-1559-4,converted,no,no,other,not_applicable,yes,,nattokinase production | genetic engineering | Bacillus licheniformis | recombinant expression | fermentation,,,,,,,,
10.1007/s10529-006-9126-3,converted,no,no,other,not_applicable,yes,,nattokinase production | recombinant protein | Bacillus subtilis | fermentation | biotechnology,,,,,,,,
10.1007/s10295-019-02229-8,converted,no,no,other,not_applicable,yes,,microbiology|genetic engineering|protein production,,,,,,,,
10.1007/s10482-025-02198-2,converted,no,no,other,not_applicable,yes,,nattokinase production | fermentation optimization | in vitro enzyme characterization,,,,,,,,
10.1007/s10529-007-9426-2,converted,no,no,other,not_applicable,yes,,preclinical|protein expression|recombinant enzyme,,,,,,,,
10.1007/s10529-022-03226-1,converted,no,no,other,not_applicable,yes,,nattokinase production | genomic analysis | bacterial fermentation | enzyme characterization,,,,,,,,
10.1007/s10529-020-02941-x,converted,no,no,other,not_applicable,yes,,nattokinase fermentation | poly-glutamic acid production | Bacillus subtilis | enzyme inhibition | biotechnology,,,,,,,,
10.1007/s10529-020-02974-2,converted,no,no,other,not_applicable,yes,,nattokinase|in vitro|food-grade expression|preclinical,,,,,,,,
10.1007/s10719-015-9620-8,converted,no,no,other,not_applicable,yes,review,nattokinase biochemistry | heparin binding | in vitro study | mechanistic research,,,,,,,,
10.1007/s10719-019-09860-8,converted,yes,yes,other,not_applicable,no,,nattokinase|anticoagulation|hemodialysis|fibrinolysis|CKD,Nattokinase-heparin exhibits beneficial efficacy and safety—an optimal strategy for CKD patients on hemodialysis,Glycoconjugate Journal,2019,Hao Wu; Huan Wang; Wei Li; Chi Zhang; Yushan Liu; Feng Xu; Jiepeng Chen; Lili Duan; Fengjiao Zhang,36,2,93-101,https://doi.org/10.1007/s10719-019-09860-8
10.1007/s10930-020-09897-x,converted,no,no,other,not_applicable,yes,review,molecular_characterization|enzyme_biochemistry|fibrinolytic_proteins|in_vitro_study,,,,,,,,
10.1007/s10930-021-10023-8,converted,no,no,other,not_applicable,yes,review,nattokinase|fibrinolytic enzyme|production optimization|in vitro studies,,,,,,,,
10.1007/s10787-017-0381-9,converted,no,no,other,not_applicable,yes,,Alzheimer's disease | nanonutraceuticals | fermented soybean | animal model | neuroprotection,,,,,,,,
10.1007/s11033-020-05898-2,converted,no,no,other,not_applicable,yes,,molecular_analysis|serine_protease|bioinformatics|enzyme_characterization|fermented_food,,,,,,,,
10.1007/s11239-009-0333-3,converted,no,no,other,not_applicable,yes,,fibrinolytic enzyme | thrombosis model | Subtilisin QK | animal study,,,,,,,,
10.1007/s11130-023-01130-1,converted,no,no,not_applicable,not_applicable,yes,review,fermented soy|nattokinase|cardiovascular disease|review article,,,,,,,,
10.1007/s11274-010-0432-5,converted,no,no,other,not_applicable,yes,,nattokinase production | molecular biology | promoter engineering | Bacillus subtilis,,,,,,,,
10.1007/s11239-025-03220-0,converted,no,no,other,not_applicable,yes,,amyloid microclots | ultrasound thrombolysis | fibrinolytic enzymes | in vitro study | Long COVID,,,,,,,,
10.1007/s11274-018-2520-x,converted,no,no,other,not_applicable,yes,,microbiology|protein production|genetic engineering|Bacillus licheniformis,,,,,,,,
10.1007/s11274-022-03452-9,converted,no,no,other,not_applicable,yes,,nattokinase|colitis|probiotics|gut microbiome|preclinical,,,,,,,,
10.1007/s11274-023-03560-0,converted,no,no,other,not_applicable,yes,,metabolic engineering|nattokinase production|Bacillus licheniformis,,,,,,,,
10.1007/s11356-022-21126-9,converted,no,yes,other,not_applicable,yes,,nattokinase | hepatotoxicity | neurotoxicity | animal model | rat study,,,,,,,,
10.1007/s11274-017-2253-2,converted,no,no,not_applicable,not_applicable,yes,review,nattokinase production | microbial biotechnology | fermentation | protein engineering,,,,,,,,
10.1007/s11859-014-1006-4,converted,no,no,other,not_applicable,yes,,protein engineering|enzyme thermostability|site-directed mutagenesis|nattokinase characterization,,,,,,,,
10.1007/s12010-012-9894-2,converted,no,no,other,not_applicable,yes,,nattokinase production | fermentation | encapsulation | biochemistry,,,,,,,,
10.1007/s12033-007-0060-y,converted,no,no,other,not_applicable,yes,,biotechnology|protein_expression|molecular_biology,,,,,,,,
10.1007/s12602-017-9382-7,converted,no,no,other,not_applicable,yes,,microbiology|fermentation|enzyme purification|Bacillus subtilis,,,,,,,,
10.1007/s12602-021-09831-2,converted,no,no,other,not_applicable,yes,,nattokinase production | fermentation | strain isolation | acetoin byproduct,,,,,,,,
10.1007/s13197-020-04478-3,converted,no,no,other,not_applicable,yes,,food science | fermentation | natto production,,,,,,,,
10.1007/s13213-018-1372-9,converted,no,no,other,not_applicable,yes,,fermentation | nattokinase production | menaquinone-7 | Bacillus subtilis,,,,,,,,
10.1007/s13749-013-0032-8,converted,no,no,other,not_applicable,yes,,nattokinase production | fermentation optimization | enzyme characterization | biotechnology,,,,,,,,
10.1016/j.actbio.2016.04.041,converted,no,no,other,not_applicable,yes,,tissue engineering | hydrogel scaffold | fibrin | hyaluronic acid,,,,,,,,
10.1016/j.ajps.2015.04.005,converted,no,no,other,not_applicable,yes,protocol,drug delivery system | pharmaceutical formulation | nattokinase encapsulation,,,,,,,,
10.1016/j.ajps.2017.11.001,converted,yes,no,other,not_applicable,yes,protocol,nattokinase|toxicity|formulation|preclinical|in vitro,Preparation and toxicity evaluation of a novel nattokinase-tauroursodeoxycholate complex,Asian Journal of Pharmaceutical Sciences,2018,Rui Feng; Jing Li; Jiepeng Chen; Lili Duan; XinRong Liu; Donghua Di; Yihui Deng; Yanzhi Song,13,2,173-182,https://doi.org/10.1016/j.ajps.2017.11.001
10.1016/j.alit.2017.03.007,converted,no,no,other,not_applicable,yes,,nattokinase|nasal-polyps|chronic-rhinosinusitis|in-vitro,,,,,,,,
10.1016/j.arabjc.2023.105478,converted,no,no,other,not_applicable,yes,,cancer|nattokinase|in vitro|chemotherapy|apoptosis,,,,,,,,
10.1016/j.bbapap.2009.07.007,converted,no,no,other,not_applicable,yes,,protein engineering | mutagenesis | enzyme stability | nattokinase characterization,,,,,,,,
10.1016/j.bbrc.2015.08.063,converted,no,no,other,not_applicable,yes,,protein engineering|enzyme kinetics|molecular dynamics|site-directed mutagenesis|nattokinase optimization,,,,,,,,
10.1016/j.biortech.2008.03.018,converted,no,no,other,not_applicable,yes,protocol,nattokinase production|fermentation optimization|bioprocess engineering,,,,,,,,
10.1016/j.biortech.2009.06.057,converted,no,no,other,not_applicable,yes,,nattokinase purification|enzyme immobilization|nanotechnology|biotechnology,,,,,,,,
10.1016/j.biortech.2010.05.066,converted,no,no,other,not_applicable,yes,,enzyme purification | keratinase | bacterial protease | feather degradation,,,,,,,,
10.1016/j.cca.2003.11.008,converted,no,no,other,not_applicable,yes,,enzyme purification | fibrinolytic activity | Bacillus subtilis | biochemistry | preclinical,,,,,,,,
10.1016/j.carbpol.2013.04.013,converted,no,no,other,not_applicable,yes,,nattokinase|drug delivery|nanospheres|in vitro study|materials science,,,,,,,,
10.1016/j.clinthera.2013.07.129,converted,yes,yes,other,not_applicable,no,,nattokinase | antithrombotic | fibrinolytic | animal model | cardiovascular,PP100—Potential of nattokinase as an antithrombotic &amp; fibrinolytic agent,Clinical Therapeutics,2013,Trupti Shirole; S.L. Sharma; A.G. Jagtap,35,8,e47,https://doi.org/10.1016/j.clinthera.2013.07.129
10.1016/j.colsurfb.2014.01.034,converted,no,no,other,not_applicable,yes,,materials science | coating | in vitro,,,,,,,,
10.1016/j.colsurfb.2017.08.009,converted,yes,no,other,not_applicable,yes,review,nattokinase|drug delivery|dendrimer|thrombolysis|preclinical,Synthesis of PEGylated polyglutamic acid peptide dendrimer and its application in dissolving thrombus,Colloids and Surfaces B: Biointerfaces,2017,Shao-Fei Zhang; Chunmei Gao; Shaoyu Lü; Jiujun He; Mingzhu Liu; Can Wu; Yijing Liu; Xinyu Zhang; Zhen Liu,159,,284-292,https://doi.org/10.1016/j.colsurfb.2017.08.009
10.1016/j.colsurfb.2018.12.026,converted,no,no,other,not_applicable,yes,,materials science|membrane modification|anticoagulant protein immobilization,,,,,,,,
10.1016/j.crmicr.2025.100347,converted,no,no,other,not_applicable,yes,,natto fermentation | food science | nattokinase production | microbiology,,,,,,,,
10.1016/j.ejps.2020.105241,converted,no,no,other,not_applicable,yes,,nattokinase|cancer|drug-delivery|nanoparticles|preclinical,,,,,,,,
10.1016/j.ejphar.2014.10.024,converted,yes,no,other,not_applicable,yes,review,nattokinase|mechanisms|cerebral ischemia|in vitro|preclinical,Mechanisms of Nattokinase in protection of cerebral ischemia,European Journal of Pharmacology,2014,Hongrui Ji; Liang Yu; Keyu Liu; Zhigang Yu; Qian Zhang; Fengjuan Zou; Bo Liu,745,,144-151,https://doi.org/10.1016/j.ejphar.2014.10.024
10.1016/j.enzmictec.2010.08.003,converted,no,no,other,not_applicable,yes,,fibrinolytic enzyme|enzyme characterization|in vitro assay,,,,,,,,
10.1016/j.esxm.2020.10.010,converted,no,no,case_series,not_applicable,yes,,Peyronie's disease | self-injection adverse event | case report,,,,,,,,
10.1016/j.fct.2015.12.025,converted,no,no,other,not_applicable,yes,review,nattokinase|toxicology|safety assessment|preclinical,,,,,,,,
10.1016/j.fbp.2017.01.006,converted,no,no,other,not_applicable,yes,review,nattokinase separation | magnetic nanoparticles | protein isolation,,,,,,,,
10.1016/j.fochx.2025.103430,converted,no,no,other,not_applicable,yes,,fermentation|natto production|nattokinase activity|food science,,,,,,,,
10.1016/j.febslet.2010.11.011,converted,no,no,not_applicable,not_applicable,yes,,protein folding | molecular biology | enzyme engineering,,,,,,,,
10.1016/j.heliyon.2024.e24868,converted,no,no,other,not_applicable,yes,,nattokinase|pancreatic lipase|molecular docking|in vitro study|obesity,,,,,,,,
10.1016/j.fshw.2023.02.042,converted,no,no,other,not_applicable,yes,,nattokinase|amyloid-beta|Alzheimer disease|preclinical,,,,,,,,
10.1016/j.heliyon.2023.e17951,converted,no,yes,rct,phase_2,yes,,nattokinase|skin temperature|cold water immersion|peripheral circulation|healthy volunteers,,,,,,,,
10.1016/j.heliyon.2024.e28835,converted,no,yes,other,not_applicable,yes,,nattokinase|diabetes|animal model|preclinical,,,,,,,,
10.1016/j.ifset.2014.05.015,converted,yes,yes,other,not_applicable,no,,nattokinase|soy nutraceuticals|oral delivery|thrombosis prevention|animal model,Processing of soy functional food using high pressure homogenization for improved nutritional and therapeutic benefits,Innovative Food Science &amp; Emerging Technologies,2014,Rohit Kapoor; Shruti Pathak; Abul Kalam Najmi; Vidhu Aeri; Bibhu Prasad Panda,26,,490-497,https://doi.org/10.1016/j.ifset.2014.05.015
10.1016/j.foodres.2020.109686,converted,no,no,other,not_applicable,yes,review,nattokinase production | fermentation | metabolomics | soymilk,,,,,,,,
10.1016/j.ijbiomac.2017.12.140,converted,no,no,other,not_applicable,yes,,preclinical|protein engineering|anticoagulant|rodent safety,,,,,,,,
10.1016/j.heliyon.2024.e26849,converted,no,no,other,not_applicable,yes,,fermentation|food science|legumes|natto production,,,,,,,,
10.1016/j.ijfoodmicro.2010.06.018,converted,no,no,other,not_applicable,yes,,genetically modified bacteria|safety assessment|intestinal microbiota|animal study,,,,,,,,
10.1016/j.jds.2025.10.022,converted,no,no,other,not_applicable,yes,,nattokinase | gingival fibroblasts | in vitro | periodontal disease,,,,,,,,
10.1016/j.jbiotec.2016.05.034,converted,no,no,other,not_applicable,yes,,protein expression | E. coli | inclusion bodies | renaturation,,,,,,,,
10.1016/j.jep.2019.112099,converted,no,no,other,not_applicable,yes,,phytochemistry|anticoagulant|in vitro,,,,,,,,
10.1016/j.jfda.2014.03.005,converted,no,yes,other,not_applicable,yes,,nattokinase | blood pressure | hypertension | animal model | fermented beans,,,,,,,,
10.1016/j.jfda.2015.06.008,converted,no,no,other,not_applicable,yes,,nattokinase|fermentation|animal model|hypertension,,,,,,,,
10.1016/j.jff.2020.104251,converted,no,yes,other,not_applicable,yes,,nattokinase | inflammatory bowel disease | gut microbiota | DSS-induced colitis,,,,,,,,
10.1016/j.jpba.2020.113264,converted,no,no,other,not_applicable,yes,protocol,pharmacokinetics | detection method | animal model | preclinical,,,,,,,,
10.1016/j.lfs.2020.118890,converted,no,no,other,not_applicable,yes,protocol,nattokinase | GLP-1 fusion | preclinical | animal models | diabetes,,,,,,,,
10.1016/j.jmgm.2004.10.002,converted,no,no,other,not_applicable,yes,,structural biology | enzyme modeling | computational chemistry,,,,,,,,
10.1016/j.msec.2019.02.081,converted,no,no,other,not_applicable,yes,protocol,nattokinase | drug delivery | materials science | preclinical,,,,,,,,
10.1016/j.msec.2016.09.049,converted,no,no,other,not_applicable,yes,,amyloid degradation | serratiopeptidase | insulin amyloids | zebrafish model | in vitro study,,,,,,,,
10.1016/j.msec.2020.110697,converted,no,no,other,not_applicable,yes,,nanopolymer drug delivery | colon cancer | thrombosis | in vitro study,,,,,,,,
10.1016/j.nbt.2010.09.003,converted,no,no,other,not_applicable,yes,review,nattokinase purification | enzyme characterization | Bacillus subtilis | fibrinolytic enzyme | preclinical,,,,,,,,
10.1016/j.pep.2016.07.008,converted,no,no,not_applicable,not_applicable,yes,,biotechnology|protein expression|promoter engineering|Bacillus subtilis,,,,,,,,
10.1016/j.nutres.2009.01.009,converted,yes,yes,other,phase_2,no,,nattokinase|fibrinolytic activity|coagulation factors|cardiovascular risk|nutraceutical intervention,"Nattokinase decreases plasma levels of fibrinogen, factor VII, and factor VIII in human subjects",Nutrition Research,2009,Chien-Hsun Hsia; Ming-Ching Shen; Jen-Shiou Lin; Yao-Ke Wen; Kai-Lin Hwang; Thau-Ming Cham; Nae-Cherng Yang,29,3,190-196,https://doi.org/10.1016/j.nutres.2009.01.009
10.1016/j.nbt.2010.06.003,converted,no,no,other,not_applicable,yes,protocol,nattokinase production|fermentation|Bacillus subtilis|bioprocess optimization,,,,,,,,
10.1016/j.phyplu.2023.100472,converted,yes,yes,other,not_applicable,no,,nattokinase|cardiovascular protection|myocardial infarction|animal model|preclinical,Myocardial infarction model induced by isoproterenol in rats and potential cardiovascular protective effect of a nattokinase-containing hard capsule,Phytomedicine Plus,2023,Van Anh Pham; Ha Thai Tran; Thanh Phuong Mai; Lien Huong Nguyen; Van Hong Nguyen; Thang Huu Nguyen; Son Song Bui; An Van Vu; Ha Thanh Do; Quang Vinh Trinh,3,3,100472,https://doi.org/10.1016/j.phyplu.2023.100472
10.1016/j.redox.2020.101500,converted,yes,no,other,not_applicable,yes,review,nattokinase|anti-thrombotic|inflammation|oxidative stress|mechanistic study,"Breaking the vicious loop between inflammation, oxidative stress and coagulation, a novel anti-thrombus insight of nattokinase by inhibiting LPS-induced inflammation and oxidative stress",Redox Biology,2020,Hao Wu; Ying Wang; Yupeng Zhang; Feng Xu; Jiepeng Chen; Lili Duan; Tingting Zhang; Jian Wang; Fengjiao Zhang,32,,101500,https://doi.org/10.1016/j.redox.2020.101500
10.1016/s0024-3205(03)00426-0,converted,yes,yes,other,not_applicable,no,,nattokinase|dietary supplementation|intimal thickening|thrombolysis|animal model,"Dietary supplementation of fermented soybean, natto, suppresses intimal thickening and modulates the lysis of mural thrombi after endothelial injury in rat femoral artery",Life Sciences,2003,Yasuhiro Suzuki; Kazunao Kondo; Yuji Matsumoto; Bing-Qing Zhao; Kenichi Otsuguro; Tetsuya Maeda; Yoshinori Tsukamoto; Tetsumei Urano; Kazuo Umemura,73,10,1289-1298,https://doi.org/10.1016/s0024-3205(03)00426-0
10.1016/j.yrtph.2019.02.006,converted,yes,no,other,not_applicable,yes,review,nattokinase|cardiovascular disease|toxicity|genotoxicity|preclinical safety,"Acute toxicity and genotoxicity evaluations of Nattokinase, a promising agent for cardiovascular diseases prevention",Regulatory Toxicology and Pharmacology,2019,Hao Wu; Huan Wang; Feng Xu; Jiepeng Chen; Lili Duan; Fengjiao Zhang,103,,205-209,https://doi.org/10.1016/j.yrtph.2019.02.006
10.1021/acs.jafc.0c07238,converted,no,no,other,not_applicable,yes,,biochemistry | enzyme mechanism | protein folding,,,,,,,,
10.1016/s0899-9007(02)00853-5,converted,yes,yes,other,not_applicable,no,,nattokinase|fermented soybean|intimal thickening|fibrinolytic activity|vascular injury,Dietary supplementation with fermented soybeans suppresses intimal thickening,Nutrition,2003,Yasuhiro Suzuki; Kazunao Kondo; Hideyuki Ichise; Yoshinori Tsukamoto; Tetsumei Urano; Kazuo Umemura,19,3,261-264,https://doi.org/10.1016/s0899-9007(02)00853-5
10.1021/acsmacrolett.0c00054,converted,no,no,not_applicable,not_applicable,yes,,nanoparticles|drug-delivery|chemistry|preclinical,,,,,,,,
10.1021/acs.langmuir.1c01020,converted,no,no,other,not_applicable,yes,,optical detection method | fibrinolysis assay | nattokinase characterization,,,,,,,,
10.1021/acs.jafc.2c08718,converted,no,yes,other,not_applicable,yes,,nattokinase|stroke|neurogenesis|animal model|rat study,,,,,,,,
10.1021/bp070108j,converted,no,no,other,not_applicable,yes,,biotechnology|protein production|bacterial engineering,,,,,,,,
10.1021/bp070109b,converted,no,no,other,not_applicable,yes,,nattokinase production | fermentation optimization | recombinant enzyme | microbiology,,,,,,,,
10.1021/acssynbio.9b00355,converted,no,no,not_applicable,not_applicable,yes,,synthetic biology | protein expression | Bacillus | genetic engineering,,,,,,,,
10.1021/jf000020k,converted,no,no,other,not_applicable,yes,,enzyme purification|characterization|preclinical,,,,,,,,
10.1021/jf050264a,converted,no,no,other,not_applicable,yes,,protein expression | recombinant nattokinase | biotechnology,,,,,,,,
10.1021/jf100445a,converted,no,no,other,not_applicable,yes,,Bacillus subtilis | protein production | nattokinase production | biotechnology,,,,,,,,
10.1021/jf8024198,converted,no,no,other,not_applicable,yes,,nattokinase production | fermentation optimization | enzyme engineering,,,,,,,,
10.1021/jf100290h,converted,no,no,other,not_applicable,yes,review,nattokinase purification | enzyme characterization | biochemistry | in vitro study,,,,,,,,
10.1021/jf104656m,converted,no,no,other,not_applicable,yes,,genetically modified lactic acid bacteria | nattokinase allergenicity | murine safety model | preclinical research,,,,,,,,
10.1021/jf803072r,converted,no,no,other,not_applicable,yes,review,nattokinase|amyloid degradation|in vitro study|biochemistry,,,,,,,,
10.1038/s41467-025-59368-z,converted,no,no,not_applicable,not_applicable,yes,,protein refolding | covalent organic frameworks | materials science,,,,,,,,
10.1021/jf901861v,converted,no,no,other,not_applicable,yes,,nattokinase purification|enzyme characterization|fibrinolytic activity|in vitro study,,,,,,,,
10.1038/srep11601,converted,no,yes,rct,phase_1,yes,,nattokinase|coagulation|fibrinolysis|healthy subjects|mechanistic study,,,,,,,,
10.1039/c2fo10245e,converted,no,no,other,not_applicable,yes,review,nattokinase|ACE inhibition|in vitro study|fermented food|mechanisms,,,,,,,,
10.1039/c4ra02626h,converted,no,no,other,not_applicable,yes,review,nattokinase|enzyme modification|in vitro|thrombolysis|stability,,,,,,,,
10.1038/s41598-026-38130-5,converted,yes,yes,cross_sectional,not_applicable,no,,nattokinase fibrinolysis | blood group variability | in vitro clot lysis | cardiovascular disease,Discovery of age and blood group associated variability in nattokinase mediated thrombolysis and its relevance to cardiovascular management,Scientific Reports,2026,Tirth Chetankumar Bhatt; Ashok Kumar Bishoyi,16,1,7690,https://doi.org/10.1038/s41598-026-38130-5
10.1039/c5tb00444f,converted,no,no,other,not_applicable,yes,,materials science | polymer chemistry | drug delivery,,,,,,,,
10.1039/c5nr07070h,converted,no,no,other,not_applicable,yes,,nanotechnology | materials science | cell capture | nanofiber fabrication,,,,,,,,
10.1039/c8fo02324g,converted,yes,yes,rct,phase_2,no,,nattokinase|hemostasis|fibrinolytic|hypercholesterolemia|cardiovascular prevention,"The effects of nattokinase supplementation on collagen–epinephrine closure time, prothrombin time and activated partial thromboplastin time in nondiabetic and hypercholesterolemic subjects",Food &amp; Function,2019,Hye Jin Yoo; Minkyung Kim; Minjoo Kim; Ayoung Lee; Chunmei Jin; Sung Pyo Lee; Tae Su Kim; Sang-Hyun Lee; Jong Ho Lee,10,5,2888-2893,https://doi.org/10.1039/c8fo02324g
10.1039/c9fo90033k,converted,no,no,other,not_applicable,yes,editorial,correction|erratum|nattokinase|coagulation,,,,,,,,
10.1039/c8ra04273j,converted,no,no,other,not_applicable,yes,,drug-delivery|microcapsules|materials-science|in-vitro,,,,,,,,
10.1039/d0fo02349c,converted,no,no,other,not_applicable,yes,,drug delivery | microparticles | formulation | preclinical,,,,,,,,
10.1039/d4sc02058h,converted,no,no,not_applicable,not_applicable,yes,,enzyme engineering | protein design | molecular dynamics simulation,,,,,,,,
10.1042/bj20050772,converted,no,no,other,not_applicable,yes,,enzyme kinetics | molecular dynamics | protein engineering | structural biology,,,,,,,,
10.1051/lait~2006004,converted,no,no,other,not_applicable,yes,,cheese ripening | food science | proteolysis | nattokinase enzyme application,,,,,,,,
10.1080/01496395.2012.719564,converted,no,no,other,not_applicable,yes,,nattokinase purification | magnetic nanoparticles | protein separation | biochemical engineering,,,,,,,,
10.1074/jbc.m101751200,converted,no,no,other,not_applicable,yes,review,nattokinase|mechanism|fibrinolysis|PAI-1|laboratory,,,,,,,,
10.1080/03639040601050247,converted,no,no,other,not_applicable,yes,,pharmaceutical formulation | drug delivery | nattokinase stabilization | in vitro testing,,,,,,,,
10.1080/08905436.2017.1413986,converted,no,no,other,not_applicable,yes,,preclinical|enzyme expression|metagenomic isolation|fermented foods,,,,,,,,
10.1080/08998280.2015.11929198,converted,yes,no,case_series,not_applicable,yes,editorial,nattokinase|anticoagulation|case report|mechanical valve|warfarin,Consequence of Patient Substitution of Nattokinase for Warfarin After Aortic Valve Replacement with a Mechanical Prosthesis,Baylor University Medical Center Proceedings,2015,Maqsood M. Elahi; Charles H. Choi; Subbareddy Konda; Jay G. Shake,28,1,81-82,https://doi.org/10.1080/08998280.2015.11929198
10.1080/10408398.2021.1910481,converted,no,no,other,not_applicable,yes,review,nattokinase | vitamin D | vitamin K2 | phosphocalcic metabolism | cardiovascular health,,,,,,,,
10.1080/19476337.2013.848472,converted,no,no,other,not_applicable,yes,,nattokinase production | fermentation optimization | Bacillus subtilis | GABA production,,,,,,,,
10.1088/1755-1315/707/1/012008,converted,no,no,other,not_applicable,yes,,bacterial protease|fibrinolysis|thrombolysis|Bacillus tequilensis,,,,,,,,
10.1080/14786419.2010.528759,converted,no,no,other,not_applicable,yes,,nattokinase|liposome|formulation|encapsulation|in vitro,,,,,,,,
10.1088/1755-1315/755/1/012016,converted,no,no,other,not_applicable,yes,review,proteolytic enzymes|sea cucumber|in vitro screening|fibrinolysis|nattokinase comparison,,,,,,,,
10.1089/jmf.2019.0183,converted,yes,yes,rct,phase_2,no,,nattokinase | stroke | ischemic stroke | nutraceutical supplement | rehabilitation,Nattospes as Effective and Safe Functional Supplements in Management of Stroke,Journal of Medicinal Food,2020,Phuong T. Pham; Bo Han; Ba X. Hoang,23,8,879-885,https://doi.org/10.1089/jmf.2019.0183
10.1089/ten.tec.2013.0051,converted,no,no,other,not_applicable,yes,,mesenchymal stem cells | fibrin gels | cell extraction | tissue engineering | nattokinase as tool,,,,,,,,
10.1093/infdis/jiv319,converted,no,no,other,not_applicable,yes,,Staphylococcus aureus biofilm | medical device infection | nattokinase mechanism,,,,,,,,
10.1093/oxfordjournals.jbchem.a002906,converted,no,no,other,not_applicable,yes,,enzyme biochemistry|subtilisin|alkaline protease|structural biology,,,,,,,,
10.1097/01720610-201012000-00002,converted,yes,no,other,not_applicable,yes,editorial,nattokinase|blood thinner|fibrinolytic|cardiovascular|editorial,The antiplatelet effects of aspirin; nattokinase as a blood thinner,Journal of the American Academy of Physician Assistants,2010,Larissa DeDea,23,12,13,https://doi.org/10.1097/01720610-201012000-00002
10.1097/iio.0b013e31819fd66b,converted,no,no,not_applicable,not_applicable,yes,,ophthalmology|vitreous|diabetic retinopathy|enzymatic manipulation,,,,,,,,
10.1107/s0909049513020700,converted,no,no,other,not_applicable,yes,,structural biology | protein crystallography | nattokinase enzyme | X-ray diffraction | deuteration,,,,,,,,
10.1107/s1744309110043137,converted,no,no,other,not_applicable,yes,protocol,crystallography|structural_biology|protein_purification,,,,,,,,
10.1111/1751-7915.13298,converted,no,no,other,not_applicable,yes,,synthetic biology | nattokinase production | genetic engineering | Bacillus subtilis,,,,,,,,
10.1111/j.1348-0421.2000.tb02511.x,converted,no,no,other,not_applicable,yes,,molecular biology | protease genetics | Bacillus pumilus,,,,,,,,
10.1111/j.1472-765x.2006.01966.x,converted,no,no,other,not_applicable,yes,,microbiology|fermentation|Bacillus subtilis|enzyme characterization,,,,,,,,
10.1111/1753-0407.13439,converted,no,no,other,not_applicable,yes,,nattokinase | diabetic retinopathy | preclinical | animal model,,,,,,,,
10.1111/j.1574-6968.2011.02423.x,converted,no,no,other,not_applicable,yes,review,nattokinase|enzyme engineering|directed evolution|fibrinolytic activity|in vitro study,,,,,,,,
10.1111/j.1745-4514.2010.00388.x,converted,no,no,other,not_applicable,yes,review,dipicolinic acid | in vitro cell culture | thrombolytic mechanisms,,,,,,,,
10.1111/j.1745-4530.2006.00051.x,converted,no,no,other,not_applicable,yes,,nattokinase production | fermentation optimization | response surface methodology | enzyme yield,,,,,,,,
10.1111/jam.13175,converted,no,no,not_applicable,not_applicable,yes,,nattokinase production | bacterial expression | enzyme optimization,,,,,,,,
10.1111/jfbc.12820,converted,no,no,other,not_applicable,yes,,fermentation|ginkgo seeds|nattokinase enzyme|food science,,,,,,,,
10.1111/jfbc.13326,converted,no,no,other,not_applicable,yes,review,nattokinase|fibrinolysis|in vitro|biochemistry,,,,,,,,
10.1111/jfpp.17130,converted,no,no,other,not_applicable,yes,,nattokinase production | enzyme fermentation | okara processing | food science,,,,,,,,
10.1111/jocn.13335,converted,no,no,other,not_applicable,yes,,nursing|medication administration|residential care|delegation,,,,,,,,
10.1128/aem.00442-21,converted,no,no,other,not_applicable,yes,,antibiotic resistance | probiotics | Enterococcus faecalis | pheromone signaling | microbiology,,,,,,,,
10.1111/jfpp.13284,converted,no,no,other,not_applicable,yes,,food science | fermentation | product development,,,,,,,,
10.1128/aac.02008-17,converted,no,yes,other,not_applicable,yes,,Staphylococcus aureus | biofilm infections | device-related infections | fibrinolytic agents | nattokinase mechanism,,,,,,,,
10.1128/aem.02608-17,converted,no,no,other,not_applicable,yes,,CRISPR genome editing | Bacillus licheniformis | nattokinase production | microbial genetics,,,,,,,,
10.1128/aem.62.7.2482-2488.1996,converted,no,no,other,not_applicable,yes,,enzyme purification | microbiology | fermentation | fibrinolytic enzyme,,,,,,,,
10.1134/s0003683824607418,converted,no,no,not_applicable,not_applicable,yes,review,nattokinase|enzyme engineering|ancestral sequence reconstruction|fibrinolytic activity|bioinformatics,,,,,,,,
10.1128/genomea.00526-18,converted,no,no,other,not_applicable,yes,,genomics|microbiology|fermented-food|bacterial-strain,,,,,,,,
10.1152/ajpgi.00185.2016,converted,no,no,other,not_applicable,yes,review,celiac disease | gluten-degrading enzymes | Nattokinase,,,,,,,,
10.1155/tbed/9527934,converted,no,no,other,not_applicable,yes,,prion disease | nattokinase | lumbrokinase | neurodegenerative disease,,,,,,,,
10.1155/2022/5863887,converted,no,no,not_applicable,not_applicable,yes,review,natto|fermented soy|nutritional composition|review article,,,,,,,,
10.1128/spectrum.01322-22,converted,no,no,not_applicable,not_applicable,yes,,biotechnology|fermentation|protein production|synthetic biology,,,,,,,,
10.1159/000252817,converted,yes,no,other,not_applicable,yes,editorial,nattokinase|fibrinolysis|tissue plasminogen activator|in vitro study|mechanistic research,Nattokinase-Promoted Tissue Plasminogen Activator Release from Human Cells,Pathophysiology of Haemostasis and Thrombosis,2007,Chieko Yatagai; Masugi Maruyama; Tomoko Kawahara; Hiroyuki Sumi,36,5,227-232,https://doi.org/10.1159/000252817
10.1159/000321518,converted,no,yes,other,not_applicable,yes,,nattokinase|thrombosis|rat model|preclinical,,,,,,,,
10.1159/000360360,converted,yes,yes,other,not_applicable,no,,nattokinase|thrombolysis|animal model|fibrinolytic activity|thrombosis prevention,Thrombolytic Effects in vivo of Nattokinase in a Carrageenan-Induced Rat Model of Thrombosis,Acta Haematologica,2014,Jianping Xu; Ming Du; Xiulin Yang; Qingquan Chen; Hong Chen; Dong-Hong Lin,132,2,247-253,https://doi.org/10.1159/000360360
10.1166/jbn.2015.2071,converted,yes,yes,case_series,not_applicable,no,,nattokinase|antithrombotic|oral delivery|chitosan nanoparticles|animal model,"Downstream Processing, Formulation Development and Antithrombotic Evaluation of Microbial Nattokinase",Journal of Biomedical Nanotechnology,2015,Rohit Kapoor; Harshad Harde; Sanyog Jain; Amulya Kumar Panda; Bibhu Prasad Panda,11,7,1213-1224,https://doi.org/10.1166/jbn.2015.2071
10.1167/iovs.05-0130,converted,no,no,other,not_applicable,yes,,nattokinase | ophthalmology | vitreous detachment | pharmacologic vitreolysis,,,,,,,,
10.1177/000331970305400502,converted,no,yes,rct,phase_3,no,,venous thrombosis | flight prophylaxis | pinokinase | DVT prevention,,,,,,,,
10.1167/iovs.62.6.25,converted,no,no,other,not_applicable,yes,,retinal neovascularization | nattokinase | preclinical,,,,,,,,
10.1177/0960327112467040,converted,no,yes,other,not_applicable,yes,,nattokinase | serrapeptase | Alzheimer's disease | rat model | preclinical,,,,,,,,
10.1177/108201320065993,converted,no,no,other,not_applicable,yes,,nattokinase production|fermentation optimization|Taguchi design,,,,,,,,
10.1186/cc7501,converted,no,no,other,not_applicable,yes,review,dyspnea measurement | endotracheal intubation | emergency medicine,,,,,,,,
10.1186/1475-2859-12-79,converted,no,no,other,not_applicable,yes,,biotechnology|enzyme production|protein purification|genetic engineering,,,,,,,,
10.1159/000205051,converted,parse_error,,,,,,,"Enhancement of the Fibrinolytic Activity in Plasma by Oral Administration of Nattokinase
                    <sup>s</sup>",Acta Haematologica,2009,Hiroyuki Sumi; Hiroki Hamada; Koichiro Nakanishi; Hajime Hiratani,84,3,139-143,https://doi.org/10.1159/000205051
10.1186/s12866-019-1461-3,converted,no,no,other,not_applicable,yes,,nattokinase production | genetic engineering | Bacillus subtilis | recombinant enzyme | fermentation,,,,,,,,
10.1186/s12866-025-04150-w,converted,no,no,other,not_applicable,yes,,nattokinase production|fermentation|enzyme optimization|Bacillus subtilis|preclinical,,,,,,,,
10.1186/s12896-021-00708-4,converted,no,no,other,not_applicable,yes,,nattokinase production | heterologous expression | Pichia pastoris | fermentation | enzyme engineering,,,,,,,,
10.1186/s12896-025-01093-y,converted,no,no,other,not_applicable,yes,,nattokinase production | fermentation optimization | enzyme characterization | biotechnology,,,,,,,,
10.1186/s12896-021-00719-1,converted,no,no,other,not_applicable,yes,,nattokinase production|fermentation|Bacillus subtilis|enzyme optimization|industrial biotechnology,,,,,,,,
10.1186/s12896-026-01128-y,converted,no,no,other,not_applicable,yes,review,nattokinase production | fermentation | enzyme optimization | biotechnology,,,,,,,,
10.1186/s12903-021-01914-4,converted,no,yes,other,not_applicable,yes,,nattokinase|oral mucositis|animal study|wound healing,,,,,,,,
10.1186/s12934-014-0129-9,converted,no,no,other,not_applicable,yes,,Bacillus subtilis | recombinant protein production | nattokinase manufacturing,,,,,,,,
10.1186/s12934-016-0464-0,converted,no,no,other,not_applicable,yes,,biotechnology|fermentation|promoter engineering|protein expression,,,,,,,,
10.1186/s12934-016-0478-7,converted,no,no,other,not_applicable,yes,review,Subtilisin QK-2|fibrinolytic enzyme|lactic acid bacteria|biotechnology|fermentation,,,,,,,,
10.1186/s12934-017-0688-7,converted,no,no,other,not_applicable,yes,,protein secretion | microbiology | Bacillus engineering,,,,,,,,
10.1186/s12934-019-1148-3,converted,no,no,other,not_applicable,yes,,synthetic biology|bacterial promoters|Bacillus subtilis,,,,,,,,
10.1186/s12934-025-02681-5,converted,no,no,other,not_applicable,yes,,nattokinase|protein engineering|thermostability|enzyme production,,,,,,,,
10.1186/s12951-026-04648-z,converted,no,no,other,not_applicable,yes,,cataract|nattokinase|nanocomposite|ophthalmology|UV-induced,,,,,,,,
10.1186/s12934-021-01570-x,converted,no,no,other,not_applicable,yes,review,nattokinase production | fermentation | RNA-seq | Bacillus subtilis | γ-PGA,,,,,,,,
10.1186/s40104-026-01438-3,converted,no,yes,other,not_applicable,yes,,nattokinase production | genetic engineering | animal model | obesity | gut microbiota,,,,,,,,
10.1186/s40360-021-00506-w,converted,no,no,other,not_applicable,yes,,subtilisin QK | toxicity | safety pharmacology | rat study | fibrinolytic enzyme,,,,,,,,
10.1210/jendso/bvaa046.145,converted,no,yes,rct,phase_2,no,,nattokinase|obesity|diabetes|insulin sensitivity|weight loss,,,,,,,,
10.1248/bpb.34.1696,converted,yes,yes,other,not_applicable,no,,nattokinase|blood pressure|animal study|hypertension|fibrinogen,Antihypertensive Effects of Continuous Oral Administration of Nattokinase and Its Fragments in Spontaneously Hypertensive Rats,Biological and Pharmaceutical Bulletin,2011,Mitsugu Fujita; Katsunori Ohnishi; Shinsaku Takaoka; Kazuya Ogasawara; Ryo Fukuyama; Hiromichi Nakamuta,34,11,1696-1701,https://doi.org/10.1248/bpb.34.1696
10.1248/bpb.b20-00659,converted,no,no,other,not_applicable,yes,,toxicology|safety pharmacology|preclinical|Bacillus subtilisin|beagle dogs,,,,,,,,
10.12692/ijb/14.5.282-293,converted,no,no,other,not_applicable,yes,,nattokinase|enzyme production|pulsed electric field|antioxidant activity|biotechnology,,,,,,,,
10.1271/bbb.56.1869,converted,no,no,other,not_applicable,yes,,molecular biology | enzyme characterization | gene sequencing | Bacillus subtilis | fermentation,,,,,,,,
10.1271/bbb.58.366,converted,no,no,other,not_applicable,yes,,assay development | analytical method | nattokinase detection,,,,,,,,
10.1271/bbb.70153,converted,no,no,other,not_applicable,yes,,protease|fibrinolysis|in-vitro comparison,,,,,,,,
10.1271/nogeikagaku1924.73.1187,converted,no,no,other,not_applicable,yes,,nattokinase biochemistry | enzyme characterization | elastase activity,,,,,,,,
10.1291/hypres.31.1583,converted,yes,yes,rct,phase_2,no,,nattokinase|blood pressure|hypertension|cardiovascular prevention|fibrinolytic enzyme,"Effects of Nattokinase on Blood Pressure: A Randomized, Controlled Trial",Hypertension Research,2008,Ji Young KIM; Si Nae GUM; Jean Kyung PAIK; Hyo Hee LIM; Kyong-Chol KIM; Kazuya OGASAWARA; Kenichi INOUE; Sungha PARK; Yangsoo JANG; Jong Ho LEE,31,8,1583-1588,https://doi.org/10.1291/hypres.31.1583
10.1248/bpb.18.1194,converted,parse_error,,,,,,,Transport of Nattokinase across the Rat Intestinal Tract.,Biological and Pharmaceutical Bulletin,1995,Mitsugu FUJITA; Kyongsu HONG; Yae ITO; Satoru MISAWA; Naoto TAKEUCHI; Kimio KARIYA; Satoshi NISHIMURO,18,9,1194-1196,https://doi.org/10.1248/bpb.18.1194
10.1248/bpb.18.1387,converted,parse_error,,,,,,,Thrombolytic Effect of Nattokinase on a Chemically Induced Thrombosis Model in Rat.,Biological and Pharmaceutical Bulletin,1995,Mitsugu FUJITA; Kyongsu HONG; Yae ITO; Rie FUJII; Kimio KARIYA; Satoshi NISHIMURO,18,10,1387-1391,https://doi.org/10.1248/bpb.18.1387
10.12928/pharmaciana.v3i1.420,converted,no,no,other,not_applicable,yes,,nattokinase|drug-interaction|diabetes|preclinical,,,,,,,,
10.1371/journal.pone.0141369,converted,no,no,other,not_applicable,yes,,microbiology|genomics|fermentation|Bacillus subtilis,,,,,,,,
10.12938/bmfh.2020-071,converted,no,no,other,not_applicable,yes,review,nattokinase|fibrinolysis|in vitro assays|bacterial characterization,,,,,,,,
10.15547/tjs.2023.04.007,converted,yes,no,other,not_applicable,yes,review,nattokinase | fibrinolytic | review article | mechanisms | cardiovascular,NATTOKINASE – USES AND BENEFITS,Trakia Journal of Sciences,2023,Mariya Hristova,21,4,343-350,https://doi.org/10.15547/tjs.2023.04.007
10.1556/066.2022.00231,converted,no,no,other,not_applicable,yes,,genetic engineering|plant biotechnology|nattokinase production|CRISPR-Cas9,,,,,,,,
10.15625/1811-4989/16027,converted,no,no,other,not_applicable,yes,,nattokinase purification | recombinant enzyme | Bacillus subtilis | biochemical characterization | in vitro,,,,,,,,
10.1590/s1516-89132015050172,converted,no,no,other,not_applicable,yes,,nattokinase production | fermentation | enzyme | biochemistry,,,,,,,,
10.20885/jif.vol9.iss2.art1,converted,no,no,other,not_applicable,yes,review,journal table of contents | nattokinase mentioned only in title listing,,,,,,,,
10.20902/ijctr.2018.110737,converted,no,no,other,not_applicable,yes,protocol,nattokinase production | strain improvement | in vitro enzyme activity,,,,,,,,
10.21275/sr23205143811,converted,no,no,other,not_applicable,yes,,nattokinase production | enzyme purification | bacterial fermentation | in vitro study,,,,,,,,
10.21276/ierj24319538420156,converted,no,no,other,not_applicable,yes,review,fibrinolytic enzymes | microbiology | enzyme production | comparative study,,,,,,,,
10.2146/ajhp050509,converted,yes,no,other,not_applicable,yes,review,nattokinase|fibrinolysis|thrombosis|mechanism of action|review article,Nattokinase for prevention of thrombosis,American Journal of Health-System Pharmacy,2006,Ming-Wai Tai; Burgunda V. Sweet,63,12,1121-1123,https://doi.org/10.2146/ajhp050509
10.2147/ibpc.s99553,converted,yes,yes,rct,phase_2,no,,nattokinase|blood pressure|cardiovascular risk|von Willebrand factor|hypertension,"Consumption of nattokinase is associated with reduced blood pressure and von Willebrand factor, a cardiovascular risk marker: results from a randomized, double-blind, placebo-controlled, multicenter North American clinical trial",Integrated Blood Pressure Control,2016,Gitte Jensen; Miki Lenninger; Michael P. Ero; Kathleen Benson,Volume 9,,95-104,https://doi.org/10.2147/ibpc.s99553
10.2147/ijgm.s76588,converted,yes,yes,non_randomized_trial,not_applicable,no,,nattokinase|blood flow|lifestyle diseases|symptoms|dietary supplement,Effects of Bacillus subtilis var. natto products on symptoms caused by blood flow disturbance in female patients with lifestyle diseases,International Journal of General Medicine,2015,Masahito Hitosugi; Katsuo Hamada; Kazutaka Misaka,8,,41,https://doi.org/10.2147/ijgm.s76588
10.21474/ijar01/2244,converted,no,no,other,not_applicable,yes,,nattokinase production | fermentation optimization | enzyme engineering,,,,,,,,
10.2147/ijn.s144545,converted,no,no,other,not_applicable,yes,review,nattokinase|Alzheimer's disease|nanoparticles|in vitro study,,,,,,,,
10.2169/internalmedicine.0768-22,converted,no,no,case_series,not_applicable,yes,,bacterial meningitis | case report | nattokinase | adverse event,,,,,,,,
10.2169/internalmedicine.47.0620,converted,yes,no,case_series,not_applicable,yes,case_series,nattokinase|adverse_event|hemorrhage|case_report,Cerebellar Hemorrhage Provoked by Combined Use of Nattokinase and Aspirin in a Patient with Cerebral Microbleeds,Internal Medicine,2008,Yung-Yee Chang; Jia-Shou Liu; Shung-Lon Lai; Hsiu-Shan Wu; Min-Yu Lan,47,5,467-469,https://doi.org/10.2169/internalmedicine.47.0620
10.2174/0118715249314623240923092315,converted,no,no,other,not_applicable,yes,editorial,publisher_advertising|journal_indexing|bentham_science,,,,,,,,
10.2174/0118715257275639231219054353,converted,no,no,other,not_applicable,yes,,nattokinase production | bacterial fermentation | enzyme characterization | in vitro clot lysis,,,,,,,,
10.2174/1389201019666181022115405,converted,no,no,other,not_applicable,yes,editorial,publisher advertising | journal indexing,,,,,,,,
10.2174/1389201020666191002145415,converted,no,no,other,not_applicable,yes,editorial,publisher advertising | journal indexing | editorial content,,,,,,,,
10.2174/1871525716666171207153332,converted,no,no,other,not_applicable,yes,editorial,publisher marketing | journal advertisement | bentham science,,,,,,,,
10.2174/1871527318666191021150002,converted,no,no,other,not_applicable,yes,editorial,publisher marketing | journal advertising | Bentham Science,,,,,,,,
10.2174/1872208315666210805154713,converted,no,no,other,not_applicable,yes,editorial,publisher_advertisement|journal_listing|marketing,,,,,,,,
10.2174/1874256400903010010,converted,no,no,other,not_applicable,yes,,nattokinase production | fermentation | vitamin K2 | dipicolinic acid,,,,,,,,
10.21873/invivo.14243,converted,no,yes,other,not_applicable,yes,,nattokinase | cerebral infarction | animal model | rat MCAO | neuroprotection,,,,,,,,
10.22144/ctu.jvn.2020.011,converted,no,no,other,not_applicable,yes,review,nattokinase|probiotic|in-vitro|fibrinolysis,,,,,,,,
10.22146/ijp.17369,converted,no,no,other,not_applicable,yes,,photosensitizers | thrombolytic therapy | in vitro study | liposomal formulation,,,,,,,,
10.2298/ciceq130928037b,converted,no,no,other,not_applicable,yes,,nattokinase production | fermentation optimization | enzyme engineering,,,,,,,,
10.26459/hueuni-jns.v126i1d.4398,converted,no,no,other,not_applicable,yes,review,gene cloning | nattokinase production | recombinant DNA | biotechnology,,,,,,,,
10.25258/ijpcr.v9i04.8535,converted,no,no,other,not_applicable,yes,review,in silico analysis | bioinformatics | protein modeling | nattokinase structure,,,,,,,,
10.26554/sti.2023.8.1.9-16,converted,no,no,other,not_applicable,yes,review,protease characterization | enzyme purification | preclinical,,,,,,,,
10.26459/hueunijns.v130i1a.5785,converted,no,no,other,not_applicable,yes,,recombinant protein expression | genetic engineering | Bacillus subtilis,,,,,,,,
10.26554/sti.2025.10.3.923-935,converted,no,no,other,not_applicable,yes,,thrombolytic|black soybean tempeh|liposome|in vitro|photothermal therapy,,,,,,,,
10.3136/fstr.10.17,converted,yes,yes,other,not_applicable,no,,nattokinase|fibrinolysis|oral intervention|rat model|human volunteer study,Natto Bacillus as an Oral Fibrinolytic Agent: Nattokinase Activity and the Ingestion Effect of Bacillus subtilis natto,Food Science and Technology Research,2004,Hiroyuki SUMI; Yasuhide YANAGISAWA; Chieko YATAGAI; Josuke SAITO,10,1,17-20,https://doi.org/10.3136/fstr.10.17
10.3136/fstr.12.152,converted,no,no,other,not_applicable,yes,protocol,nattokinase|fibrinolysis|in-vitro study|bacterial fermentation,,,,,,,,
10.31083/ph.2021.0155,converted,no,no,other,not_applicable,yes,,nattokinase nanoparticles | drug delivery | in vitro thrombolysis | preclinical,,,,,,,,
10.3136/fstr.27.537,converted,no,no,other,not_applicable,yes,,nattokinase | dental caries | biofilm | Streptococcus mutans | in vitro,,,,,,,,
10.28936/jmracpc10.1.2018.(14),converted,no,no,other,not_applicable,yes,,food science|cheese ripening|enzyme application,,,,,,,,
10.32629/jcmr.v6i2.4041,converted,no,no,not_applicable,not_applicable,yes,review,metabolic syndrome | enzyme therapy | opinion piece,,,,,,,,
10.3233/ch-211147,converted,yes,yes,rct,phase_3,no,,nattokinase|atherosclerosis|cardiovascular prevention|RCT|carotid intima-media thickness,Nattokinase atherothrombotic prevention study: A randomized controlled trial,Clinical Hemorheology and Microcirculation,2021,Howard N. Hodis; Wendy J. Mack; Herbert J. Meiselman; Vijay Kalra; Howard Liebman; Juliana Hwang-Levine; Laurie Dustin; Naoko Kono; Melissa Mert; Rosalinda B. Wenby; Emiliano Huesca; Leanne Rochanda; Yanjie Li; Mingzhu Yan; Jan A. St. John; Lora Whitfield,78,4,339-353,https://doi.org/10.3233/ch-211147
10.3329/bjp.v8i2.13690,converted,no,no,other,not_applicable,yes,review,nattokinase production|enzyme engineering|microbiology,,,,,,,,
10.33545/27067009.2025.v7.i2c.273,converted,no,no,other,not_applicable,yes,,nattokinase|fibrinolysis|in-vitro assay|agarwood|preclinical,,,,,,,,
10.3389/fbioe.2022.977215,converted,no,no,other,not_applicable,yes,,genetic engineering | alkaline protease | Bacillus | fermentation | industrial biotechnology,,,,,,,,
10.3389/fcvm.2022.1076420,converted,yes,no,other,not_applicable,yes,editorial,nattokinase|atherosclerosis|hyperlipidemia|corrigendum,"Corrigendum: Effective management of atherosclerosis progress and hyperlipidemia with nattokinase: A clinical study with 1,062 participants",Frontiers in Cardiovascular Medicine,2022,Hongjie Chen; Jiepeng Chen; Fuping Zhang; Yuanhui Li; Ronghua Wang; Qiang Zheng; Xu Zhang; Jun Zeng; Feng Xu; Yiguang Lin,9,,1076420,https://doi.org/10.3389/fcvm.2022.1076420
10.3389/fmed.2026.1734600,converted,no,no,not_applicable,not_applicable,yes,review,long COVID | narrative review | treatment prioritization,,,,,,,,
10.3389/fcvm.2022.964977,converted,yes,yes,retrospective_cohort,not_applicable,no,,nattokinase | atherosclerosis | hyperlipidemia | lipid-lowering | carotid intima-media thickness,"Effective management of atherosclerosis progress and hyperlipidemia with nattokinase: A clinical study with 1,062 participants",Frontiers in Cardiovascular Medicine,2022,Hongjie Chen; Jiepeng Chen; Fuping Zhang; Yuanhui Li; Ronghua Wang; Qiang Zheng; Xu Zhang; Jun Zeng; Feng Xu; Yiguang Lin,9,,964977,https://doi.org/10.3389/fcvm.2022.964977
10.3389/fmicb.2022.802040,converted,no,no,other,not_applicable,yes,,genetic engineering|Bacillus|nattokinase production|cell factory,,,,,,,,
10.3389/fmicb.2025.1577292,converted,no,no,other,not_applicable,yes,,nattokinase production|fermentation optimization|microbial biotechnology,,,,,,,,
10.3389/fnut.2024.1380727,converted,yes,yes,rct,phase_2,no,,nattokinase|red yeast rice|coronary artery disease|lipid-lowering|antithrombotic,"Lipid-lowering, antihypertensive, and antithrombotic effects of nattokinase combined with red yeast rice in patients with stable coronary artery disease: a randomized, double-blinded, placebo-controlled trial",Frontiers in Nutrition,2024,Man Liu; Ziyi Xu; Zongling Wang; Di Wang; Mingzhe Yang; Hui Li; Wei Zhang; Ruikun He; Huimin Cheng; Peiyu Guo; Zhongxia Li; Hui Liang,11,,1380727,https://doi.org/10.3389/fnut.2024.1380727
10.3389/fnut.2024.1505584,converted,no,no,other,not_applicable,yes,,enzyme engineering | molecular dynamics simulation | protein modification | nattokinase thermostability,,,,,,,,
10.3389/fpls.2025.1631697,converted,no,no,other,not_applicable,yes,,plant biotechnology | recombinant protein production | nattokinase expression | Nicotiana benthamiana,,,,,,,,
10.3390/biom10010003,converted,no,no,other,not_applicable,yes,,fibrinolytic protease | bacterial enzyme | in vitro study | preclinical,,,,,,,,
10.3390/biom12070980,converted,yes,no,other,not_applicable,yes,review,nattokinase|thrombolytic|cardiovascular disease|review|fermentation,"Biotechnology, Bioengineering and Applications of Bacillus Nattokinase",Biomolecules,2022,Li Yuan; Chen Liangqi; Tang Xiyu; Li Jinyao,12,7,980,https://doi.org/10.3390/biom12070980
10.3390/fermentation5040092,converted,no,no,other,not_applicable,yes,,nattokinase production|bacterial fermentation|enzyme optimization|microbiological methods,,,,,,,,
10.3390/foods10030563,converted,no,no,other,not_applicable,yes,review,probiotic|genomic analysis|fermentation|food science,,,,,,,,
10.3390/foods10112547,converted,no,no,other,not_applicable,yes,,fermentation|nattokinase production|in vitro testing|food science,,,,,,,,
10.3390/foods10071558,converted,no,yes,rct,phase_2,yes,,nattokinase|insulin resistance|prediabetes|glucose metabolism,,,,,,,,
10.3390/foods11162403,converted,no,no,other,not_applicable,yes,,nattokinase characterization | fermentation | enzyme biochemistry,,,,,,,,
10.3390/foods10112779,converted,no,no,other,not_applicable,yes,review,nattokinase|fermentation|food science|nutritional composition|in vitro,,,,,,,,
10.3390/foods11213501,converted,no,no,other,not_applicable,yes,,in vitro fermentation|gut microbiota|soymilk|nattokinase precursor|non-human study,,,,,,,,
10.3390/foods11172674,converted,no,no,other,not_applicable,yes,,natto fermentation | food science | microbiology,,,,,,,,
10.3390/foods12061252,converted,no,no,other,not_applicable,yes,review,nattokinase fermentation | production optimization | food science,,,,,,,,
10.3390/foods13101525,converted,no,no,other,not_applicable,yes,,microbiology|fermentation|soy protein|nattokinase production,,,,,,,,
10.3390/foods14203482,converted,no,no,other,not_applicable,yes,,nanoemulsion formulation | in vitro stability | animal model,,,,,,,,
10.3390/foods12163045,converted,no,no,other,not_applicable,yes,,nattokinase engineering|thermostability|protein mutation|molecular dynamics|food science,,,,,,,,
10.3390/foods15020237,converted,no,no,other,not_applicable,yes,,fermentation|food science|natto|nutritional analysis|Bacillus subtilis,,,,,,,,
10.3390/foods14050898,converted,no,no,not_applicable,not_applicable,yes,,nattokinase production | bacterial mutagenesis | genetic engineering | fermentation,,,,,,,,
10.3390/foods15030483,converted,no,no,other,not_applicable,yes,,fermentation|Bacillus natto|millet bran|enzyme activity|bioactive components,,,,,,,,
10.3390/foods15091553,converted,no,no,other,not_applicable,yes,,microbiology|probiotic_characterization|genomics|bacterial_isolation,,,,,,,,
10.3390/ijms262010183,converted,yes,no,other,not_applicable,yes,review,nattokinase | cardiovascular | nutraceuticals | review | bleeding_risk,Navigating the Effects of Anti-Atherosclerotic Supplements and Acknowledging Associated Bleeding Risks,International Journal of Molecular Sciences,2025,Maria-Zinaida Dobre; Bogdana Virgolici; Ioana-Cristina Doicin; Horia Vîrgolici; Iulia-Ioana Stanescu-Spinu,26,20,10183,https://doi.org/10.3390/ijms262010183
10.3390/molecules26020482,converted,no,no,not_applicable,not_applicable,yes,,molecular probe|protease detection|analytical chemistry,,,,,,,,
10.3390/microorganisms11081978,converted,no,no,other,not_applicable,yes,review,probiotics|Bacillus|nattokinase|genomic_characterization|antibiotic_resistance,,,,,,,,
10.3390/molecules27175405,converted,no,no,other,not_applicable,yes,,COVID-19|SARS-CoV-2|nattokinase|spike protein|in vitro,,,,,,,,
10.3390/nu10070948,converted,no,yes,other,not_applicable,yes,,type 2 diabetes|insulin resistance|gut microbiome|animal study,,,,,,,,
10.3390/nu17121989,converted,no,no,not_applicable,not_applicable,yes,review,fermented foods | metabolic syndrome | natto | nattokinase | review,,,,,,,,
10.3390/nu15194239,converted,yes,yes,rct,phase_3,no,,nattokinase|dyslipidemia|cardiovascular biomarkers|RCT|lipid management,"The Effect of Nattokinase-Monascus Supplements on Dyslipidemia: A Four-Month Randomized, Double-Blind, Placebo-Controlled Clinical Trial",Nutrients,2023,Xiaoming Liu; Xuejiao Zeng; Jinli Mahe; Kai Guo; Panpan He; Qianwen Yang; Zhiwei Zhang; Zhongxia Li; Di Wang; Zheqing Zhang; Lei Wang; Lipeng Jing,15,19,4239,https://doi.org/10.3390/nu15194239
10.3390/nu13062031,converted,yes,yes,non_randomized_trial,phase_2,no,,nattokinase|vascular disease|anticoagulant therapy|fibrinolytic|safety,Data Recorded in Real Life Support the Safety of Nattokinase in Patients with Vascular Diseases,Nutrients,2021,Giuseppe Gallelli; Giulio Di Mizio; Caterina Palleria; Antonio Siniscalchi; Paolo Rubino; Lucia Muraca; Erika Cione; Monica Salerno; Giovambattista De Sarro; Luca Gallelli,13,6,2031,https://doi.org/10.3390/nu13062031
10.3390/pathogens13040286,converted,no,no,other,not_applicable,yes,,dental caries | Streptococcus mutans | nattokinase mechanism | oral microbiology,,,,,,,,
10.34071/jmp.2015.1.10,converted,yes,yes,rct,phase_2,no,,Nattokinase | Blood pressure | Hypertension | Atherosclerosis markers | Lipid profile,NON DRUG THERAPY IN ARTERIAL HYPERTENSION ROLE OF FERMENTED SOYBEAN NATTOKINASE NSK-ND,Journal of Medicine and Pharmacy,2015,Van Minh Huynh; Huu Dung Tran; Duy Khiem Pham; Vu Phong Nguyen; Nhat Quang Nguyen; Anh Tuan Ho; Anh Tien Hoang,,,76-83,https://doi.org/10.34071/jmp.2015.1.10
10.36547/be.2019.2.4.91-95,converted,no,no,other,not_applicable,yes,,nattokinase production|enzyme characterization|in vitro studies|bacteriocins,,,,,,,,
10.36932/jpcam.v1i2.12,converted,no,no,other,not_applicable,yes,,fibrinolysis|alkaloids|herbal extract|in vitro study|red galangal,,,,,,,,
10.37897/rjmp.2020.3.2,converted,yes,no,other,not_applicable,yes,review,nattokinase|fibrinolytic enzyme|cardiovascular therapy|review article,Nattokinase: A hope in cardiovascular therapy and more,Romanian Journal of Medical Practice,2020,Dan-Dominic IONESCU,15,3,272-274,https://doi.org/10.37897/rjmp.2020.3.2
10.3844/ajbbsp.2021.423.432,converted,no,no,other,not_applicable,yes,,fermentation optimization | enzyme production | biochemistry,,,,,,,,
10.3923/ijp.2019.593.603,converted,no,no,other,not_applicable,yes,,Alzheimer's disease | neurodegeneration | in vitro cell study | PC12 cells | oxidative stress,,,,,,,,
10.37349/ec.2025.101268,converted,no,no,other,not_applicable,yes,review,nattokinase|cardiovascular prevention|mitochondrial health|review article,,,,,,,,
10.3923/pjbs.2014.529.534,converted,no,no,other,not_applicable,yes,,microbiology|enzyme production|Bacillus lichniformis|fibrinolytic enzyme optimization,,,,,,,,
10.4028/www.scientific.net/amr.781-784.1403,converted,no,no,other,not_applicable,yes,,nattokinase production | fermentation optimization | enzyme encapsulation,,,,,,,,
10.4081/itjm.2023.1583,converted,yes,no,unclear,not_applicable,yes,review,nattokinase|fibrinolysis|cardiovascular prevention|review article,Nattokinase historical sketch on experimental and clinical evidence,Italian Journal of Medicine,2023,Pierpaolo Di Micco; Francesca Futura Bernardi; Giuseppe Camporese; Mario Biglietto; Alessandro Perrella; Tiziana Ciarambino; Vincenzo Russo; Egidio Imbalzano,17,1,,https://doi.org/10.4081/itjm.2023.1583
10.46223/hcmcoujs.tech.en.8.1.907.2018,converted,yes,yes,other,not_applicable,no,,nattokinase|thrombosis|fibrinolytic|animal model|rat study,Purification and thrombolytic effects in vivo of recombination Nattokinase on carrageenan-induced tail thrombosis in a rat model,ENGINEERING AND TECHNOLOGY,2020,Tran Quoc Tuan; Dinh Thi Lan Anh; Le Thi Thuy Ai; Dinh Minh Hiep; Tran Cat Dong,8,1,82-91,https://doi.org/10.46223/hcmcoujs.tech.en.8.1.907.2018
10.47866/2615-9252/vjfc.107,converted,no,no,other,not_applicable,yes,,analytical method | quality control | nattokinase assay,,,,,,,,
10.4265/bio.23.107,converted,no,no,other,not_applicable,yes,,biofilm|food safety|bacterial resistance|nattokinase application,,,,,,,,
10.4236/aer.2021.91001,converted,no,no,other,not_applicable,yes,review,natto|nattokinase|functional food|review,,,,,,,,
10.47866/2615-9252/vjfc.657,converted,no,no,other,not_applicable,yes,,analytical method|quality control|dietary supplements,,,,,,,,
10.5114/bta.2018.79967,converted,no,no,other,not_applicable,yes,,nattokinase production | recombinant DNA | Bacillus subtilis | enzyme expression | biotechnology,,,,,,,,
10.5151/biochem-vsimbbtec-22270,converted,no,no,other,not_applicable,yes,,nattokinase production | fermentation optimization | Bacillus subtilis | enzyme activity,,,,,,,,
10.5281/zenodo.8286460,converted,no,no,not_applicable,not_applicable,yes,editorial,nattokinase|spike protein|post-COVID|vaccine injury|opinion piece,,,,,,,,
10.5151/biochem-vsimbbtec-22281,converted,no,no,other,not_applicable,yes,,nattokinase production | microbial fermentation | enzyme optimization,,,,,,,,
10.48048/tis.2022.1952,converted,no,no,other,not_applicable,yes,,bacterial protease|thrombolytic enzyme|in vitro enzyme activity,,,,,,,,
10.5352/jls.2006.16.2.274,converted,no,no,other,not_applicable,yes,,nattokinase cloning | gene expression | bacillus subtilis | fibrinolytic enzyme | in vitro characterization,,,,,,,,
10.5352/jls.2006.16.2.360,converted,no,no,other,not_applicable,yes,protocol,nattokinase|fibrinolytic enzyme|metagenome screening|preclinical,,,,,,,,
10.5352/jls.2009.19.2.289,converted,yes,yes,non_randomized_trial,phase_2,no,,nattokinase|fibrinolysis|cardiovascular prevention|lipid markers|smoking,Effects of Nattokinase fibrinol supplementation on Fibrinolysis and Atherogenesis,Journal of Life Science,2009,Kyunghee Noh,19,2,289-298,https://doi.org/10.5352/jls.2009.19.2.289
10.53555/ajbr.v27i3s.2103,converted,no,no,other,not_applicable,yes,review,nattokinase|enzyme production|in vitro|bacterial isolation|preclinical,,,,,,,,
10.5483/bmbrep.2005.38.5.577,converted,no,no,other,not_applicable,yes,,fibrinolytic enzyme | protein nitration | oxidative stress | in vitro study,,,,,,,,
10.5511/plantbiotechnology.15.0430a,converted,no,no,other,not_applicable,yes,,plant biotechnology | genetic engineering | nattokinase production,,,,,,,,
10.55251/jmbfs.10355,converted,no,no,other,not_applicable,yes,,nattokinase production|enzyme purification|Bacillus cereus|fermentation|lab methods,,,,,,,,
10.55981/jbbi.2025.13503,converted,no,yes,other,not_applicable,yes,,Moringa oleifera | antithrombotic | in vitro study | cardiovascular disease | fibrinolysis,,,,,,,,
10.5599/admet.2551,converted,no,no,not_applicable,not_applicable,yes,review,serine proteases | amyloidosis | nattokinase | review article,,,,,,,,
10.56028/aetr.13.1.344.2025,converted,no,no,other,not_applicable,yes,review,nattokinase|zebrafish|preclinical|thrombosis|in vitro,,,,,,,,
10.5625/lar.2013.29.4.221,converted,yes,yes,other,not_applicable,no,,nattokinase|platelet aggregation|thrombosis|blood flow|animal model,Nattokinase improves blood flow by inhibiting platelet aggregation and thrombus formation,Laboratory Animal Research,2013,Ja-Young Jang; Tae-Su Kim; Jingmei Cai; Jihyun Kim; Youngeun Kim; Kyungha Shin; Kwang Sei Kim; Sung Kyeong Park; Sung-Pyo Lee; Ehn-Kyoung Choi; Man Hee Rhee; Yun-Bae Kim,29,4,221,https://doi.org/10.5625/lar.2013.29.4.221
10.56283/1859-0381/953,converted,no,no,other,not_applicable,yes,review,nattokinase|analytical chemistry|method validation|dietary supplements,,,,,,,,
10.5812/jjm.23567,converted,no,no,other,not_applicable,yes,,nattokinase production | microbiology | enzyme optimization | in vitro,,,,,,,,
10.5891/jafps.40.273,converted,no,no,other,not_applicable,yes,,dental caries | biofilm | protease | in vitro,,,,,,,,
10.5897/ajb10.1268,converted,no,no,other,not_applicable,yes,review,enzyme production|fibrinolytic enzymes|nattokinase purification|bacterial isolation,,,,,,,,
10.5897/ajmr12.041,converted,no,no,other,not_applicable,yes,,nattokinase isolation | bacterial fermentation | fibrinolytic enzyme characterization | laboratory biochemistry,,,,,,,,
10.5897/ajmr2019.9181,converted,no,no,other,not_applicable,yes,,nattokinase production | genetic engineering | bacterial fermentation | enzyme purification,,,,,,,,
10.6013/jbrewsocjapan1988.88.482,converted,no,no,other,not_applicable,yes,,nattokinase enzyme | activity measurement | fibrin lysis | laboratory methods,,,,,,,,
10.6013/jbrewsocjapan1988.99.867,converted,no,no,other,not_applicable,yes,,nattokinase production|fermentation|manufacturing|vitamin K2,,,,,,,,
10.6084/m9.figshare.4316552,converted,no,no,other,not_applicable,yes,,Subtilisin QK-2|fibrinolytic enzyme|lactic acid bacteria|recombinant protein expression|biotechnology,,,,,,,,
10.6227/jfda.2012200316,converted,no,no,other,not_applicable,yes,,pueraria lobata | isoflavonoids | antioxidant activity | phytochemistry,,,,,,,,
10.62767/jecacm504.6557,converted,no,no,other,not_applicable,yes,review,nattokinase | microclots | in vitro | fibrinolysis | long covid,,,,,,,,
10.7454/mss.v30i2.3000,converted,no,no,other,not_applicable,yes,,in silico|protein engineering|signal peptide|E. coli expression|recombinant production,,,,,,,,
10.70315/uloap.ulmhs.2025.0302003,converted,no,no,other,not_applicable,yes,,red yeast rice | hamster model | lipid regulation | preclinical,,,,,,,,
10.7759/cureus.20074,converted,no,no,case_series,not_applicable,yes,case_series,nattokinase adverse event|bleeding|hemoperitoneum|case report,,,,,,,,
10.7759/cureus.49204,converted,no,no,other,not_applicable,yes,review,long COVID | spike protein | post-acute sequelae | treatment protocol | nattokinase proposal,,,,,,,,
10.7841/ksbbj.2011.26.5.393,converted,yes,yes,non_randomized_trial,phase_2,no,,nattokinase|antithrombotic|fibrinolysis|clinical trial|metabolic syndrome,Evaluation of Nattokinase for Antithrombotic Effect and Pharmacological Efficacy by a Biological Test and Clinical Trial,KSBB Journal,2011,Jae-Bum Kim; Chul-Bae Yoo; Hyun-Man Shin; Joon-Ki Jung; Hyung-Wook Jang,26,5,393-399,https://doi.org/10.7841/ksbbj.2011.26.5.393
10.7841/ksbbj.2012.27.6.375,converted,yes,yes,other,not_applicable,no,,nattokinase|antithrombotic|fibrinolytic|animal model|cardiovascular,The Evaluation of Antithrombotic and Fibrinolytic Activities of Nattokinase from Bacillus subtilis Natto,KSBB Journal,2012,Da-Lyung Lee; Sung-Yu Hong; Yang-Su Jang; Hyung-Wook Jang; Chang-Jae Maeng; Chul-Bae Yoo; Dae-Heoun Baek,27,6,375-380,https://doi.org/10.7841/ksbbj.2012.27.6.375
