doi,drug_class,drug_name,confidence
10.1001/archinte.156.20.2386b,other_pharmacological,orphenadrine citrate,high
10.1001/archinte.156.20.2386c,other,unspecified,high
10.1001/archinte.160.14.2137,other,none,high
10.1002/14651858.cd005504.pub2,levodopa,levodopa,high
10.1001/archneur.61.9.1393,dopamine_agonist,dopamine agonists,high
10.1001/archneur.1982.00510230065027,levodopa,levodopa/benserazide,high
10.1001/archneur.1990.00530110083021,levodopa,levodopa/benserazide,high
10.1001/archneur.57.5.729,dopamine_agonist,pramipexole,high
10.1002/14651858.cd006941.pub2,opioid,oxycodone/naloxone,high
10.1002/ajh.27290,iron,ferrous sulfate and ferumoxytol,high
10.1002/1531-8257(199901)14:1<138::aid-mds1023>3.0.co;2-a,dopamine_agonist,ropinirole,high
10.1002/1531-8257(200003)15:2<324::aid-mds1020>3.0.co;2-4,other_pharmacological,amantadine,high
10.1002/ajh.23820,iron,iron dextran (low molecular weight),high
10.1002/ccr3.1619,non_pharmacological,acupuncture point injection,high
10.1002/ana.23565,dopamine_agonist,pramipexole,high
10.1002/ana.410240318,dopamine_agonist,bromocriptine,high
10.1002/cca.2515,iron,intravenous iron and ferrous sulfate,high
10.1002/ccr3.2144,other_pharmacological,bryophyllum pinnatum,high
10.1002/jgf2.338,dopamine_agonist,pramipexole,high
10.1002/mdc3.12039,dopamine_agonist,apomorphine,high
10.1002/mdc3.12299,levodopa,levodopa/carbidopa,high
10.1002/mdc3.12594,opioid,tramadol,high
10.1002/mds.10503,levodopa,levodopa/benserazide,high
10.1002/mds.10080,levodopa,entacapone,high
10.1002/mds.10231,non_pharmacological,kidney transplantation,high
10.1002/dat.20348,alpha2delta_ligand,gabapentin,high
10.1002/mdc3.13833,non_pharmacological,aerobic exercise and stretching exercise,high
10.1002/mds.1141,dopamine_agonist,alpha-dihydroergocryptine,high
10.1002/mds.1214.abs,opioid,opioids,high
10.1002/mds.1214,opioid,opioids,high
10.1002/mds.1104,dopamine_agonist,piribedil,high
10.1002/mds.20219,other_pharmacological,l-thyroxine,high
10.1002/mds.20251,dopamine_agonist,rotigotine,high
10.1002/mds.20257,dopamine_agonist,ropinirole,high
10.1002/mds.20677,levodopa,levodopa,high
10.1002/mds.20359,opioid,methadone,high
10.1002/mds.20349,non_pharmacological,deep brain stimulation,high
10.1002/mds.20911,non_pharmacological,subthalamic nucleus deep brain stimulation,high
10.1002/mds.20969,levodopa,levodopa/benserazide,high
10.1002/mds.20983,dopamine_agonist,pramipexole,high
10.1002/mds.21050,dopamine_agonist,ropinirole,high
10.1002/mds.21342,opioid,tramadol,high
10.1002/mds.21261,dopamine_agonist,pramipexole,high
10.1002/mds.21882,dopamine_agonist,bromocriptine,high
10.1002/mds.22016,dopamine_agonist,dopaminergic therapy,medium
10.1002/mds.21401,dopamine_agonist,cabergoline,high
10.1002/mds.22436,dopamine_agonist,dopaminergic agents,medium
10.1002/mds.22562,iron,iron sucrose,high
10.1002/mds.22753,non_pharmacological,exercise training,high
10.1002/mds.23157,dopamine_agonist,rotigotine,high
10.1002/mds.23543,dopamine_agonist,pramipexole and ropinirole,high
10.1002/mds.23771,alpha2delta_ligand,gabapentin enacarbil,high
10.1002/mds.24889,dopamine_agonist,ropinirole,high
10.1002/mds.27644,non_pharmacological,spinal cord stimulation,high
10.1002/mds.25154,dopamine_agonist,pramipexole,high
10.1002/mds.27040,iron,ferric carboxymaltose,high
10.1002/mds.28224,dopamine_agonist,rotigotine,high
10.1002/mds.28903,other,unspecified,high
10.1002/mds.870130333,dopamine_agonist,pergolide,high
10.1002/mds.28668,other_pharmacological,dipyridamole,high
10.1002/mus.20427,dopamine_agonist,dopaminergic agents,medium
10.1002/pcn5.213,dopamine_agonist,pramipexole,high
10.1002/pds.5852,alpha2delta_ligand,gabapentinoids,medium
10.1002/pds.5596,dopamine_agonist,dopamine agonists,high
10.1007/bf01037942,other_pharmacological,carbamazepine,high
10.1007/bf01253608,other,unspecified,low
10.1007/bf01277664,dopamine_agonist,pergolide,high
10.1007/s00268-013-2185-4,non_pharmacological,parathyroidectomy,high
10.1007/s00384-018-3032-8,iron,iron supplementation,high
10.1007/s00391-015-0984-y,iron,ferric carboxymaltose and iron gluconate,high
10.1007/s00406-002-0380-7,dopamine_agonist,pramipexole,high
10.1007/s00415-004-0367-6,levodopa,levodopa/benserazide,high
10.1002/pu.20213,alpha2delta_ligand,pregabalin,high
10.1007/s00415-009-5299-8,levodopa,levodopa,high
10.1007/s00415-010-5644-y,dopamine_agonist,dopaminergic agents,medium
10.1007/s00415-010-5879-7,dopamine_agonist,ropinirole,high
10.1007/s00702-003-0814-z,levodopa,levodopa/benserazide,high
10.1007/s00702-004-0217-9,levodopa,levodopa,high
10.1007/s00702-005-0386-1,dopamine_agonist,lisuride,high
10.1007/s00702-009-0361-3,alpha2delta_ligand,gabapentin,high
10.1007/s007020050055,dopamine_agonist,pergolide,high
10.1007/s10047-019-01100-y,non_pharmacological,constant-pressure predilution online hemodiafiltration,high
10.1007/s10047-020-01164-1,non_pharmacological,high-efficiency online hemodiafiltration,high
10.1007/s10072-018-3456-5,dopamine_agonist,unspecified,medium
10.1007/s10072-013-1478-6,dopamine_agonist,pramipexole,high
10.1007/s10072-014-1653-4,non_pharmacological,repetitive transcranial magnetic stimulation (rtms),high
10.1007/s10072-021-05667-4,dopamine_agonist,dopaminergic therapy,medium
10.1007/s10072-023-06733-9,dopamine_agonist,pramipexole,high
10.1007/s10072-024-07342-w,non_pharmacological,parathyroidectomy,high
10.1007/s10072-025-08677-8,other_pharmacological,palmitoylethanolamide (pea),high
10.1007/s10157-011-0485-2,other_pharmacological,cilostazol,high
10.1007/s10620-009-0943-9,non_pharmacological,gluten-free diet,high
10.1007/s10620-007-0021-0,other_pharmacological,rifaximin,high
10.1007/s11325-014-1049-y,other_pharmacological,vitamin d3,high
10.1007/s11325-014-1041-6,dopamine_agonist,dopamine agonist,medium
10.1007/s11325-018-1619-5,non_pharmacological,sleep hygiene training,high
10.1007/s11325-019-01984-3,other_pharmacological,vitamin d,high
10.1007/s11325-018-1751-2,other_pharmacological,vitamin d,high
10.1007/s11325-021-02353-9,dopamine_agonist,pramipexole,high
10.1007/s11695-025-08381-8,non_pharmacological,bariatric surgery,high
10.1007/s13318-015-0273-6,dopamine_agonist,rotigotine,high
10.1007/s13760-025-02871-3,other_pharmacological,thyroid hormone replacement therapy,medium
10.1007/s13760-016-0631-4,other,"dopamine agonists, iron, or combination",low
10.1007/s15006-017-9294-1,iron,iron substitution,high
10.1007/s40261-013-0150-5,dopamine_agonist,rotigotine (neupro),high
10.1007/s40263-012-0020-3,alpha2delta_ligand,gabapentin enacarbil,high
10.1007/s40263-015-0254-y,opioid,oxycodone/naloxone,high
10.1007/s40263-016-0329-4,alpha2delta_ligand,gabapentin enacarbil,high
10.1007/s40263-016-0372-1,opioid,oxycodone/naloxone,high
10.1007/s40263-016-0333-8,alpha2delta_ligand,gabapentin enacarbil,high
10.1007/s40263-023-01055-y,other_pharmacological,suvorexant,high
10.1007/s40263-025-01192-6,other_pharmacological,dipyridamole and suvorexant,high
10.1007/s41105-021-00364-3,dopamine_agonist,rotigotine,high
10.1007/s44337-024-00002-0,alpha2delta_ligand,gabapentin,high
10.1007/s41105-022-00401-9,dopamine_agonist,pramipexole,high
10.1016/j.ajem.2026.03.019,dopamine_agonist,pramipexole,high
10.1016/j.bj.2021.05.005,non_pharmacological,acupressure,high
10.1007/s44337-025-00545-w,non_pharmacological,lower leg nerve decompression surgery,high
10.1016/j.bj.2022.06.001,non_pharmacological,acupressure,high
10.1016/j.braindev.2010.09.008,other_pharmacological,levetiracetam,high
10.1016/j.braindev.2018.10.001,levodopa,levodopa,high
10.1016/j.cdtm.2017.08.001,other,unspecified,high
10.1016/j.clinph.2007.04.001,dopamine_agonist,pergolide,high
10.1016/j.brs.2014.06.008,non_pharmacological,transcutaneous spinal direct current stimulation (tsdcs),high
10.1016/j.clinph.2007.04.024,dopamine_agonist,dopaminergic agents,high
10.1016/j.clinph.2011.05.027,dopamine_agonist,pramipexole,high
10.1016/j.clinthera.2008.02.001,other,unspecified,high
10.1016/j.clinthera.2012.01.002,alpha2delta_ligand,gabapentin enacarbil,high
10.1016/j.clinthera.2013.10.011,alpha2delta_ligand,gabapentin enacarbil,high
10.1016/j.clinthera.2013.06.016,dopamine_agonist,ropinirole,high
10.1016/j.clinthera.2015.02.012,dopamine_agonist,ropinirole,high
10.1016/j.clinthera.2016.05.008,alpha2delta_ligand,gabapentin enacarbil,high
10.1016/j.ctim.2019.05.009,non_pharmacological,massage with olive oil,high
10.1016/j.curtheres.2007.11.001,other_pharmacological,istradefylline,high
10.1016/j.explore.2023.08.017,non_pharmacological,fu's subcutaneous needling,high
10.1016/j.ctim.2020.102409,non_pharmacological,cold water immersion,high
10.1016/j.explore.2025.103205,non_pharmacological,auriculotherapy,high
10.1016/j.explore.2024.05.001,other_pharmacological,"paeoniae radix herbal formulations (shihogyeji-tang, gyejibokryeong-hwan, jakyakgamcho-tang)",high
10.1016/j.genhosppsych.2006.10.006,other_pharmacological,bupropion,high
10.1016/j.ijcard.2008.11.177,iron,intravenous iron,high
10.1016/j.heliyon.2022.e12258,other_pharmacological,olanzapine,high
10.1016/j.ijpsycho.2014.12.005,dopamine_agonist,pramipexole,high
10.1016/j.jamda.2025.105485,alpha2delta_ligand,gabapentin enacarbil,high
10.1016/j.jbmt.2025.06.015,non_pharmacological,manual lymphatic drainage,high
10.1016/j.jams.2017.08.004,other,acupuncture plus gabapentin,high
10.1016/j.jbmt.2019.06.012,non_pharmacological,lavender oil and glycerin oil massage,high
10.1016/j.jecr.2023.100143,dopamine_agonist,pramipexole,high
10.1016/j.jns.2006.06.023,other,unspecified,low
10.1016/j.jns.2009.11.010,dopamine_agonist,pramipexole,high
10.1016/j.jns.2012.07.007,levodopa,levodopa,high
10.1016/j.jns.2010.04.003,dopamine_agonist,pramipexole,high
10.1016/j.jns.2015.01.025,other,unspecified,low
10.1016/j.jns.2016.09.006,non_pharmacological,cryotherapy,high
10.1016/j.jocn.2015.01.032,dopamine_agonist,dopamine agonists,high
10.1016/j.jns.2022.120462,other_pharmacological,galcanezumab,high
10.1016/j.jocn.2025.111369,non_pharmacological,vascular microsurgical intervention,high
10.1016/j.math.2012.11.002,non_pharmacological,traction straight leg raise,high
10.1016/j.jvir.2022.12.019,non_pharmacological,ultrasound-guided foam sclerotherapy,high
10.1016/j.jpainsymman.2014.08.010,alpha2delta_ligand,gabapentin,high
10.1016/j.jns.2013.11.001,iron,iron supplement,high
10.1016/j.msard.2021.102836,non_pharmacological,physical activity intervention,high
10.1016/j.msard.2022.104480,non_pharmacological,exergaming,high
10.1016/j.nefroe.2017.11.017,dopamine_agonist,rotigotine,high
10.1016/j.nefro.2017.03.023,dopamine_agonist,rotigotine,high
10.1016/j.neucli.2004.02.002,alpha2delta_ligand,gabapentin,high
10.1016/j.neurol.2013.05.001,other,unspecified,high
10.1016/j.pain.2013.05.007,levodopa,l-dopa,high
10.1016/j.neurom.2022.10.046,non_pharmacological,transauricular vagus nerve stimulation (tvns),high
10.1016/j.neurol.2016.12.035,dopamine_agonist,pramipexole,high
10.1016/j.parkreldis.2004.10.015,non_pharmacological,deep brain stimulation (vim),high
10.1016/j.parkreldis.2007.05.006,dopamine_agonist,dopamine agonists,high
10.1016/j.parkreldis.2011.10.010,dopamine_agonist,rotigotine,high
10.1016/j.parkreldis.2010.11.017,non_pharmacological,subthalamic nucleus deep brain stimulation (stn dbs),high
10.1016/j.parkreldis.2014.06.014,dopamine_agonist,dopaminergic agonist,medium
10.1016/j.parkreldis.2015.10.007,dopamine_agonist,dopaminergic agonist,medium
10.1016/j.parkreldis.2017.05.015,dopamine_agonist,unspecified,medium
10.1016/j.pec.2023.107768,non_pharmacological,progressive muscle relaxation exercise,high
10.1016/j.pnpbp.2010.02.011,dopamine_agonist,pramipexole,high
10.1016/j.pediatrneurol.2004.11.007,dopamine_agonist,ropinirole,high
10.1016/j.pnpbp.2011.10.009,alpha2delta_ligand,gabapentin enacarbil,high
10.1016/j.pnpbp.2012.10.012,dopamine_agonist,rotigotine,high
10.1016/j.psychres.2023.115479,alpha2delta_ligand,gabapentinoids,high
10.1016/j.sleep.2003.07.005,dopamine_agonist,pramipexole,high
10.1016/j.sleep.2004.01.007,levodopa,levodopa/carbidopa,high
10.1016/j.sleep.2004.03.002,iron,iron dextran,high
10.1016/j.sleep.2004.05.006,other,unspecified,high
10.1016/j.sleep.2004.10.012,non_pharmacological,enhanced external counter pulsation (eecp),high
10.1016/j.sleep.2004.12.002,dopamine_agonist,ropinirole,high
10.1016/j.sleep.2004.10.014,other,parathyroidectomy,high
10.1016/j.sleep.2005.01.008,iron,iron dextran,high
10.1016/j.sleep.2005.05.007,dopamine_agonist,lisuride,high
10.1016/j.sleep.2005.06.009,non_pharmacological,continuous positive airway pressure (cpap),high
10.1016/j.sleep.2006.03.011,dopamine_agonist,pramipexole,high
10.1016/j.sleep.2006.05.018,dopamine_agonist,sumanirole,high
10.1016/j.sleep.2006.09.009,dopamine_agonist,ropinirole,high
10.1016/j.sleep.2006.10.008,dopamine_agonist,pramipexole,high
10.1016/j.sleep.2007.03.023,levodopa,levodopa,high
10.1016/j.sleep.2007.04.010,dopamine_agonist,rotigotine,high
10.1016/j.sleep.2007.07.020,dopamine_agonist,cabergoline,high
10.1016/j.sleep.2007.08.017,dopamine_agonist,ropinirole,high
10.1016/j.sleep.2007.10.023,dopamine_agonist,ropinirole,high
10.1016/j.sleep.2007.12.004,dopamine_agonist,pramipexole,high
10.1016/j.sleep.2007.12.006,iron,iron sucrose,high
10.1016/j.sleep.2008.04.012,dopamine_agonist,rotigotine,high
10.1016/j.sleep.2008.07.014,other_pharmacological,gluten-free diet,high
10.1016/j.sleep.2008.05.014,dopamine_agonist,pramipexole,high
10.1016/j.sleep.2008.09.001,dopamine_agonist,pramipexole,high
10.1016/j.sleep.2008.11.003,iron,oral iron,high
10.1016/j.sleep.2009.03.009,dopamine_agonist,pramipexole,high
10.1016/j.sleep.2009.12.002,iron,iron dextran,high
10.1016/j.sleep.2009.05.003,dopamine_agonist,pramipexole,high
10.1016/j.sleep.2009.12.008,non_pharmacological,bright light exposure,high
10.1016/j.sleep.2010.02.014,dopamine_agonist,rotigotine,high
10.1016/j.sleep.2010.03.003,alpha2delta_ligand,pregabalin,high
10.1016/j.sleep.2010.03.019,dopamine_agonist,pramipexole,high
10.1016/j.sleep.2010.08.005,dopamine_agonist,pramipexole,high
10.1016/j.sleep.2010.11.002,dopamine_agonist,pramipexole,high
10.1016/j.sleep.2010.11.007,dopamine_agonist,pramipexole,high
10.1016/j.sleep.2010.12.007,dopamine_agonist,pramipexole,high
10.1016/j.sleep.2011.03.021,dopamine_agonist,pramipexole,high
10.1016/j.sleep.2011.01.008,levodopa,l-dopa,high
10.1016/j.sleep.2011.03.003,dopamine_agonist,dopamine agonists (unspecified),medium
10.1016/j.sleep.2011.06.009,iron,ferric carboxymaltose,high
10.1016/j.sleep.2011.11.010,other_pharmacological,vitamins c and e,high
10.1016/j.sleep.2011.08.007,dopamine_agonist,pramipexole,high
10.1016/j.sleep.2011.09.016,dopamine_agonist,rotigotine,high
10.1016/j.sleep.2011.12.009,iron,oral iron,high
10.1016/j.sleep.2012.02.011,iron,ferric carboxymaltose,high
10.1016/j.sleep.2012.08.004,dopamine_agonist,pramipexole,high
10.1016/j.sleep.2012.06.007,non_pharmacological,globus pallidus deep brain stimulation,high
10.1016/j.sleep.2012.08.019,other_pharmacological,botulinum toxin type a,high
10.1016/j.sleep.2013.02.012,other,unspecified,low
10.1016/j.sleep.2012.11.001,iron,iron dextran,high
10.1016/j.sleep.2013.02.013,dopamine_agonist,rotigotine,high
10.1016/j.sleep.2013.06.006,iron,iron sucrose,high
10.1016/j.sleep.2014.01.016,dopamine_agonist,pramipexole extended-release,high
10.1016/j.sleep.2013.07.007,dopamine_agonist,rotigotine,high
10.1016/j.sleep.2013.05.018,iron,iron sucrose,high
10.1016/j.sleep.2014.07.032,non_pharmacological,transcranial direct current stimulation,high
10.1016/j.sleep.2014.08.012,iron,iron dextran,high
10.1016/j.sleep.2014.10.025,dopamine_agonist,pramipexole,high
10.1016/j.sleep.2014.09.015,dopamine_agonist,pramipexole,high
10.1016/j.sleep.2014.12.019,dopamine_agonist,rotigotine,high
10.1016/j.sleep.2014.12.029,non_pharmacological,repetitive transcranial magnetic stimulation (rtms),high
10.1016/j.sleep.2015.03.006,dopamine_agonist,rotigotine,high
10.1016/j.sleep.2015.04.016,dopamine_agonist,pramipexole,high
10.1016/j.sleep.2015.08.006,iron,ferric carboxymaltose,high
10.1016/j.sleep.2015.05.028,other,unspecified,high
10.1016/j.sleep.2015.10.006,dopamine_agonist,rotigotine,high
10.1016/j.sleep.2015.11.002,alpha2delta_ligand,gabapentin enacarbil,high
10.1016/j.sleep.2016.05.004,dopamine_agonist,rotigotine,high
10.1016/j.sleep.2016.01.008,iron,iron supplementation,high
10.1016/j.sleep.2016.04.012,dopamine_agonist,rotigotine,high
10.1016/j.sleep.2016.06.021,iron,ferric carboxymaltose,high
10.1016/j.sleep.2017.11.1134,iron,ferric carboxymaltose,high
10.1016/j.sleep.2017.03.012,other_pharmacological,perampanel,high
10.1016/j.sleep.2017.09.028,alpha2delta_ligand,pregabalin,high
10.1016/j.sleep.2018.02.002,other_pharmacological,dipyridamole,high
10.1016/j.sleep.2018.04.001,alpha2delta_ligand,gabapentin enacarbil,high
10.1016/j.sleep.2018.02.008,non_pharmacological,repetitive transcranial magnetic stimulation (rtms),high
10.1016/j.sleep.2017.11.1139,other,"ropinirole, pramipexole, and gabapentin",high
10.1016/j.sleep.2017.06.023,non_pharmacological,continuous positive airway pressure (cpap),high
10.1016/j.sleep.2018.06.004,dopamine_agonist,dopaminergic drugs,low
10.1016/j.sleep.2018.11.025,alpha2delta_ligand,gabapentin enacarbil,high
10.1016/j.sleep.2020.02.027,iron,ferric carboxymaltose,high
10.1016/j.sleep.2019.09.020,iron,intravenous iron,high
10.1016/j.sleep.2020.06.002,iron,ferric carboxymaltose,high
10.1016/j.sleep.2020.07.011,non_pharmacological,cognitive behavioral therapy for insomnia,high
10.1016/j.sleep.2020.10.022,other,deep brain stimulation (dbs),high
10.1016/j.sleep.2020.07.026,non_pharmacological,transcutaneous spinal cord direct current stimulation,high
10.1016/j.sleep.2021.05.036,iron,ferric carboxymaltose,high
10.1016/j.sleep.2021.07.004,alpha2delta_ligand,gabapentin enacarbil,high
10.1016/j.sleep.2021.08.030,iron,ferric carboxymaltose,high
10.1016/j.sleep.2021.01.017,other,unspecified,medium
10.1016/j.sleep.2022.05.003,other,"ropinirole, pramipexole, and gabapentin",high
10.1016/j.sleep.2022.08.001,non_pharmacological,physical activity,high
10.1016/j.sleep.2022.09.021,iron,ferric carboxymaltose,high
10.1016/j.sleep.2023.06.023,iron,ferric carboxymaltose,high
10.1016/j.sleep.2024.08.004,iron,ferric carboxymaltose and ferrous sulfate,high
10.1016/j.sleep.2024.08.017,non_pharmacological,tonic motor activation (tomac),high
10.1016/j.sleep.2024.09.005,other_pharmacological,suvorexant,high
10.1016/j.sleep.2025.02.045,other,pramipexole or pregabalin,medium
10.1016/j.sleep.2023.11.010,dopamine_agonist,dopamine agonist,high
10.1016/j.sleep.2025.106634,other_pharmacological,pitolisant,high
10.1016/j.sleep.2025.106664,non_pharmacological,adaptive spinal cord stimulation,high
10.1016/j.sleep.2026.108789,non_pharmacological,transcutaneous spinal direct current stimulation (tsdcs),high
10.1016/j.wneu.2024.01.103,non_pharmacological,repetitive transcranial magnetic stimulation (rtms),high
10.1016/j.smrv.2020.101274,iron,iron supplementation,high
10.1016/s0002-9343(97)89493-4,benzodiazepine,clonazepam,high
10.1016/j.wneu.2016.05.077,non_pharmacological,epidural spinal cord stimulation,high
10.1016/s0140-6736(86)92135-5,levodopa,levodopa,high
10.1016/s0306-9877(02)00357-2,dopamine_agonist,lisuride,high
10.1016/s0887-8994(99)00152-6,other,levodopa and pergolide,high
10.1016/s0378-3782(02)00092-0,iron,oral iron,high
10.1016/s0924-977x(01)00080-3,benzodiazepine,clonazepam,high
10.1016/s0987-7053(03)00056-x,dopamine_agonist,apomorphine,high
10.1016/s1353-8020(00)00041-9,dopamine_agonist,pergolide,high
10.1016/s1389-9457(01)00081-8,iron,oral iron,high
10.1016/j.transproceed.2007.03.097,non_pharmacological,renal transplantation,high
10.1016/s1389-9457(01)00116-2,dopamine_agonist,pergolide,high
10.1016/s1389-9457(01)00132-0,dopamine_agonist,pergolide,high
10.1016/s1389-9457(02)00144-2,dopamine_agonist,pramipexole,high
10.1016/s1389-9457(01)00160-5,iron,oral iron,high
10.1016/s1389-9457(03)00165-5,dopamine_agonist,terguride,high
10.1016/s1474-4422(11)70127-2,dopamine_agonist,rotigotine,high
10.1016/s1474-4422(08)70112-1,dopamine_agonist,rotigotine,high
10.1016/s1474-4422(13)70239-4,opioid,oxycodone-naloxone,high
10.1017/cjn.2016.150,non_pharmacological,nerve mobilization exercises,high
10.1017/s1092852919000476,opioid,heroin,high
10.1017/s0317167100036350,benzodiazepine,clonazepam,high
10.1017/s1461145707008310,other_pharmacological,aripiprazole,high
10.1024/2674-0052/a000070,non_pharmacological,reduced training intensity,low
10.1017/s0317167100010350,other_pharmacological,hydroxyzine hydrochloride,high
10.1038/jcbfm.2011.201,dopamine_agonist,pramipexole,high
10.1034/j.1399-6576.2002.460121.x,opioid,morphine and bupivacaine (intrathecal),high
10.1038/s41394-023-00576-4,dopamine_agonist,pramipexole,high
10.1038/s41598-022-07659-6,levodopa,levodopa/benserazide,high
10.1038/sc.2010.164,dopamine_agonist,pramipexole,high
10.1038/sc.1996.53,non_pharmacological,acute physical activity,high
10.1038/scsandc.2016.22,dopamine_agonist,pramipexole,high
10.1046/j.1440-1819.1999.00522.x,dopamine_agonist,talipexole,high
10.1053/j.ajkd.2003.11.021,iron,iron dextran,high
10.1053/ajkd.2001.25202,alpha2delta_ligand,gabapentin,high
10.1046/j.1468-1331.2000.0070s1027.x,dopamine_agonist,pramipexole,high
10.1053/j.ajkd.2015.12.027,dopamine_agonist,rotigotine,high
10.1053/j.ajkd.2009.04.034,dopamine_agonist,pergolide,high
10.1055/s-0028-1086647,dopamine_agonist,pramipexole,high
10.1055/s-0029-1240073,dopamine_agonist,dopamine receptor agonists,high
10.1055/s-0029-1213529,other_pharmacological,zincum valerianicum,high
10.1055/s-0041-1730447,non_pharmacological,venous ablation,high
10.1055/s-0039-3400132,other_pharmacological,bryophyllum pinnatum,high
10.1055/s-0032-1301540,non_pharmacological,transcutaneous spinal direct current stimulation,high
10.1055/s-0043-1770253,dopamine_agonist,pramipexole,high
10.1055/s-0043-1770810,dopamine_agonist,ropinirole,high
10.1055/s-2005-918641,other_pharmacological,levetiracetam,high
10.1055/s-2003-39047,levodopa,levodopa/benserazide (madopar),high
10.1055/s-0046-1819673,non_pharmacological,aerobic exercise,high
10.1055/s-2005-919218,dopamine_agonist,pramipexole,high
10.1055/s-2005-919538,dopamine_agonist,cabergoline,high
10.1055/s-2006-953440,other_pharmacological,dopaminergic treatment,low
10.1055/s-2007-1017828,levodopa,levodopa,high
10.1055/s-2007-996659,levodopa,l-dopa,high
10.1055/s-2007-996764,opioid,morphine,high
10.1056/jn200504070000002,dopamine_agonist,cabergoline,high
10.1056/nejm-jw.na41733,alpha2delta_ligand,pregabalin,high
10.1056/nejm-jw.na44259,other,placebo,low
10.1056/nejmoa1303646,alpha2delta_ligand,pregabalin,high
10.1080/00207454.2020.1838515,other_pharmacological,ecopipam,high
10.1080/00207454.2021.1879065,non_pharmacological,electronic stimulation,high
10.1080/0886022x.2023.2283589,non_pharmacological,limb ischemic preconditioning,high
10.1080/10790268.2017.1368963,alpha2delta_ligand,gabapentin,high
10.1080/10874208.2012.677650,non_pharmacological,neurofeedback,high
10.1081/jdi-120039823,alpha2delta_ligand,gabapentin,high
10.1080/17434440.2025.2508872,non_pharmacological,transcutaneous electric nerve stimulation (tens),high
10.1089/acm.2008.0227,other_pharmacological,d-ribose,high
10.1089/acm.2012.0330,non_pharmacological,yoga,high
10.1089/acu.2009.0598,non_pharmacological,acupuncture,high
10.1089/acu.2016.1194,non_pharmacological,acupuncture,high
10.1089/can.2021.0158,other_pharmacological,cannabidiol,high
10.1089/jicm.2021.0182,non_pharmacological,yoga,high
10.1089/jicm.2023.0791,non_pharmacological,acupuncture,high
10.1093/ageing/23.3.200,iron,ferrous sulphate,high
10.1093/brain/awh079,levodopa,levodopa/benserazide,high
10.1093/ageing/afl124,dopamine_agonist,pramipexole,high
10.1093/brain/awp170,dopamine_agonist,unspecified,high
10.1093/ndt/gfaf116.1574,other,ohdf (on-line hemodiafiltration),high
10.1093/ndt/gft288,non_pharmacological,progressive aerobic exercise training,high
10.1093/sleep/16.4.327,opioid,oxycodone,high
10.1093/ofid/ofae631.333,dopamine_agonist,ropinirole,high
10.1093/sleep/16.8.713,levodopa,levodopa/carbidopa,high
10.1093/sleep/18.8.681,levodopa,levodopa,high
10.1093/sleep/19.1.52,other_pharmacological,clonidine,high
10.1093/sleep/19.3.196,levodopa,l-dopa,high
10.1093/sleep/19.10.801,dopamine_agonist,pergolide,high
10.1093/sleep/20.10.878,dopamine_agonist,pergolide,high
10.1093/sleep/19.3.205,levodopa,carbidopa/levodopa,high
10.1093/sleep/21.5.501,other_pharmacological,magnesium,high
10.1093/sleep/21.6.617,dopamine_agonist,pergolide,high
10.1093/sleep/22.8.1073,levodopa,levodopa/benserazide,high
10.1093/sleep/26.7.819,dopamine_agonist,pramipexole,high
10.1093/sleep/26.7.815,dopamine_agonist,cabergoline,high
10.1093/sleep/27.4.674,dopamine_agonist,cabergoline,high
10.1093/sleep/27.5.907,dopamine_agonist,ropinirole,high
10.1093/sleep/32.2.159,alpha2delta_ligand,xp13512 (gabapentin enacarbil),high
10.1093/sleep/zsaa056.1262,alpha2delta_ligand,gabapentin,high
10.1093/sleep/33.6.793,dopamine_agonist,pramipexole,high
10.1093/sleep/zsaa056.786,dopamine_agonist,dopamine agonist,medium
10.1093/sleep/zsaa056.787,non_pharmacological,low frequency electrical stimulators,high
10.1093/sleep/zsaa056.792,other_pharmacological,dipyridamole,high
10.1093/sleep/zsaa056.798,alpha2delta_ligand,gabapentin enacarbil,high
10.1093/sleep/zsaa056.971,iron,iron dextran,high
10.1093/sleep/zsaa056.805,other_pharmacological,vitamin d3,high
10.1093/sleep/zsaa183,opioid,methadone and oxycodone,high
10.1093/sleep/zsaa056.997,iron,ferric carboxymaltose,high
10.1093/sleep/zsaa056.790,non_pharmacological,peripheral nerve stimulation,high
10.1093/sleep/zsab072.530,opioid,unspecified,high
10.1093/sleep/zsab072.529,non_pharmacological,physical activity intervention,high
10.1093/sleep/zsab072.582,iron,ferric carboxymaltose,high
10.1093/sleep/zsac079.495,iron,ferric carboxymaltose,high
10.1093/sleep/zsac079.556,other_pharmacological,cannabis,high
10.1093/sleep/zsac079.503,iron,ferric carboxymaltose,high
10.1093/sleep/zsac079.821,dopamine_agonist,pramipexole,high
10.1093/sleep/zsac108,other,unspecified,high
10.1093/sleep/zsad077.0699,opioid,buprenorphine,high
10.1093/sleep/zsad077.0707,non_pharmacological,spinal cord stimulation,high
10.1093/sleep/zsad077.0702,opioid,opioids (unspecified),high
10.1093/sleep/zsad077.0710,non_pharmacological,tonic motor activation (tomac) therapy,high
10.1093/sleep/zsad077.0717,iron,ferrous sulfate,high
10.1093/sleep/zsad154,iron,ferric carboxymaltose,high
10.1093/sleep/zsad077.0987,iron,iron supplementation,high
10.1093/sleep/zsad188,non_pharmacological,tonic motor activation (tomac),high
10.1093/sleep/zsad077.0713,non_pharmacological,tonic motor activation (tomac),high
10.1093/sleep/zsad190,non_pharmacological,tonic motor activation (tomac),high
10.1093/sleep/zsae067.01153,dopamine_agonist,pramipexole,high
10.1093/sleep/zsae067.01161,opioid,methadone,high
10.1093/sleep/zsae067.01180,opioid,methadone,high
10.1093/sleep/zsae067.01210,opioid,methadone,high
10.1093/sleep/zsae067.01224,alpha2delta_ligand,gabapentin,high
10.1093/sleep/zsae067.0390,other_pharmacological,suvorexant,high
10.1093/sleep/zsae067.0684,opioid,methadone and oxycodone,high
10.1093/sleep/zsae067.0687,alpha2delta_ligand,gabapentin enacarbil,high
10.1093/sleep/zsae067.0685,opioid,opioids (unspecified),high
10.1093/sleep/zsae067.0701,non_pharmacological,exercise,high
10.1093/sleep/zsae067.0708,non_pharmacological,tonic motor activation (tomac),high
10.1093/sleep/zsae067.0706,other_pharmacological,dextromethorphan,high
10.1093/sleep/zsae067.0704,non_pharmacological,tonic motor activation (tomac),high
10.1093/sleep/zsae067.0712,non_pharmacological,tonic motor activation (tomac),high
10.1093/sleep/zsae067.0714,opioid,methadone,high
10.1093/sleep/zsae095,iron,ferric carboxymaltose,high
10.1093/sleep/zsae217,iron,intravenous iron,high
10.1093/sleep/zsae310,dopamine_agonist,pramipexole or ropinirole,high
10.1093/sleep/zsaf090.0902,dopamine_agonist,dopamine agonists,high
10.1093/sleep/zsaf090.0903,dopamine_agonist,pramipexole and ropinirole,high
10.1093/sleep/zsaf090.0906,opioid,low-dose opioid,medium
10.1093/sleep/zsaf090.0904,opioid,methadone and oxycodone,high
10.1093/sleep/zsaf090.0907,non_pharmacological,tonic motor activation (tomac),high
10.1093/sleep/zsaf090.0910,non_pharmacological,tonic motor activation (tomac) system,high
10.1093/sleep/zsaf090.0911,non_pharmacological,tonic motor activation (tomac),high
10.1093/sleep/zsaf090.1420,opioid,buprenorphine-naloxone,high
10.1093/sleep/zsaf090.1421,dopamine_agonist,pramipexole,high
10.1093/sleep/zsaf090.1443,opioid,buprenorphine,high
10.1093/sleep/zsaf090.1457,alpha2delta_ligand,gabapentin,high
10.1093/sleep/zsaf090.1468,dopamine_agonist,ropinirole,high
10.1093/sleep/zsaf090.1485,alpha2delta_ligand,gabapentin,high
10.1093/sleep/zsaf090.1496,other_pharmacological,iron and gabapentin,high
10.1093/sleep/zsag008,opioid,"opioids (methadone, oxycodone)",high
10.1093/sleep/zsy061.663,alpha2delta_ligand,gabapentin enacarbil,high
10.1093/sleep/zsy061.665,iron,ferric carboxymaltose,high
10.1093/sleep/zsy061.661,non_pharmacological,positive airway pressure,high
10.1093/sleep/zsy061.667,other,unspecified,high
10.1093/sleep/zsy063.1105,non_pharmacological,jellyfish sting (cannonball jellyfish toxin),high
10.1093/sleep/zsz067.663,dopamine_agonist,dopamine agonist,high
10.1093/sleep/zsz067.664,other,unspecified,high
10.1093/sleep/zsz067.655,dopamine_agonist,unspecified,medium
10.1093/sleep/zsz067.666,opioid,methadone and oxycodone,high
10.1093/sleep/zsz067.670,other,unspecified,medium
10.1093/sleep/zsz234,iron,oral iron,high
10.1093/sleep/zsz223,other_pharmacological,thioperamide,high
10.1093/sleepj/zsx050.720,dopamine_agonist,"dopamine agonists (pramipexole, ropinirole, rotigotine)",high
10.1093/sleepj/zsx050.746,non_pharmacological,cranial electrical stimulation,high
10.1093/sleepj/zsx052.015,alpha2delta_ligand,pregabalin,high
10.1097/00002826-198610000-00006,levodopa,l-dopa,high
10.1097/00002826-198702000-00007,levodopa,levodopa/benserazide,high
10.1096/fasebj.20.4.a191-a,iron,oral iron supplement (65 mg elemental fe/day),high
10.1097/00002826-200403000-00008,dopamine_agonist,unspecified,medium
10.1097/00002826-199704000-00006,alpha2delta_ligand,gabapentin,high
10.1097/00004714-198812000-00017,other_pharmacological,baclofen,high
10.1097/00004850-199801000-00011,dopamine_agonist,talipexole,high
10.1097/00005768-200505001-00665,non_pharmacological,aerobic and resistance exercise,high
10.1097/01.jcp.0000246205.88281.d8,other_pharmacological,serotonin 1a receptor agonist,medium
10.1097/00007611-199808000-00007,alpha2delta_ligand,gabapentin,high
10.1097/01.wnf.0000135480.78529.06,dopamine_agonist,ropinirole,high
10.1097/01720610-200903000-00007,iron,iv iron,high
10.1097/01.wnf.0000194706.61224.29,other_pharmacological,bupropion,high
10.1097/aln.0b013e31826e7038,other_pharmacological,physostigmine,high
10.1097/j.pain.0000000000003311,opioid,intrathecal morphine,high
10.1097/mat.0000000000000622,non_pharmacological,cold dialysis,high
10.1097/jcp.0b013e31818b2764,dopamine_agonist,ropinirole,high
10.1097/mat.0000000000000271,dopamine_agonist,unspecified,medium
10.1097/jcp.0000000000000225,dopamine_agonist,pramipexole,high
10.1097/md.0000000000026800,other_pharmacological,dangguijakyak-san and shihogyeji-tang,high
10.1097/mat.0b013e3181f1cc04,non_pharmacological,exercise (cycling),high
10.1097/mat.0b013e3181641b07,non_pharmacological,aerobic exercise training,high
10.1097/md.0000000000032317,non_pharmacological,acupoint injection,high
10.1097/md.0000000000034046,non_pharmacological,hydrotherapy and acupressure,high
10.1097/md.0000000000039926,non_pharmacological,acupuncture (he tiao du ren an shen),high
10.1097/md.0b013e31815b1319,non_pharmacological,pneumatic sequential compression devices,high
10.1097/nrl.0000000000000552,other_pharmacological,lamotrigine,high
10.1097/nen.0b013e3180517b5f,dopamine_agonist,ropinirole,high
10.1097/wnf.0000000000000070,other_pharmacological,tadalafil,high
10.1097/wnf.0000000000000203,other_pharmacological,atomoxetine,high
10.1097/wnf.0b013e31805930c2,levodopa,levodopa/carbidopa/entacapone,high
10.1097/wnf.0b013e31804c780e,dopamine_agonist,"dopaminergic medications (pramipexole, ropinirole, levodopa)",high
10.1097/wnf.0000000000000072,other_pharmacological,sildenafil,high
10.1097/wnf.0b013e31815a3eec,dopamine_agonist,ropinirole,high
10.1097/wnf.0b013e31818f1125,other_pharmacological,oxcarbazepine,high
10.1097/wnf.0b013e3182087d48,alpha2delta_ligand,gabapentin enacarbil,high
10.1097/wnf.0b013e3181b3ab16,alpha2delta_ligand,gabapentin enacarbil,high
10.1097/wnf.0b013e3181fd82a1,dopamine_agonist,pramipexole,high
10.1097/wnf.0b013e31824c1c3f,other_pharmacological,rasagiline,high
10.1097/wnf.0b013e318259eac8,alpha2delta_ligand,gabapentin enacarbil,high
10.1097/wnf.0b013e3182746a5b,other_pharmacological,yi-gan san,high
10.1097/wnp.0b013e31815a0038,dopamine_agonist,cabergoline,high
10.1111/1744-9987.13802,non_pharmacological,aromatherapy massage with lavender oil,high
10.1097/yct.0000000000000695,non_pharmacological,transcranial magnetic stimulation,high
10.1111/1744-9987.13987,alpha2delta_ligand,gabapentin,high
10.1111/ane.12890,dopamine_agonist,dopamine agonists,high
10.1111/ane.13075,alpha2delta_ligand,gabapentin,high
10.1111/ane.13213,opioid,intrathecal morphine,high
10.1111/apa.12173,iron,oral iron,high
10.1111/aphw.12183,non_pharmacological,whole-body cryostimulation,high
10.1111/ene.12286,dopamine_agonist,pramipexole,high
10.1111/ene.12001,other,"levodopa, pramipexole, ropinirole, rotigotine",high
10.1111/hdi.12978,dopamine_agonist,unspecified,medium
10.1111/hdi.70031,non_pharmacological,aerobic combined resistance exercise,high
10.1111/iju.70036,dopamine_agonist,pramipexole,high
10.1111/j.0954-6820.1985.tb08851.x,other_pharmacological,carbamazepine,high
10.1111/j.1365-2710.2009.01051.x,other_pharmacological,aripiprazole,high
10.1111/j.1365-2044.2007.05246.x,non_pharmacological,graded elastic compression stockings,high
10.1111/j.1423-0410.2010.01368.x,iron,iron sucrose,high
10.1111/j.1440-1819.1992.tb00548.x,benzodiazepine,clonazepam,high
10.1111/j.1440-1819.2008.01879.x,dopamine_agonist,cabergoline,high
10.1111/j.1440-1819.2011.02212.x,benzodiazepine,clonazepam,high
10.1111/j.1440-1819.2009.02053.x,benzodiazepine,clonazepam,high
10.1111/j.1468-1331.2004.00960.x,dopamine_agonist,pramipexole,high
10.1111/j.1468-1331.2006.01459.x,dopamine_agonist,pramipexole,high
10.1111/j.1468-1331.2008.02526.x,dopamine_agonist,dopaminergic drugs,medium
10.1111/j.1469-8749.2010.03619.x,levodopa,l-dopa,high
10.1111/j.1468-1331.2012.03719.x,dopamine_agonist,rotigotine,high
10.1111/j.1524-4725.1995.tb00183.x,non_pharmacological,sclerotherapy,high
10.1111/j.1532-5415.1971.tb01557.x,other_pharmacological,orphenadrine citrate,high
10.1111/j.1600-0404.1984.tb07826.x,benzodiazepine,clonazepam,high
10.1111/j.1600-0404.1999.tb00732.x,dopamine_agonist,apomorphine,high
10.1111/j.1600-0404.2012.01707.x,opioid,intrathecal morphine,high
10.1111/j.1600-0404.2007.00796.x,alpha2delta_ligand,pregabalin,high
10.1111/j.1600-0404.2006.00669.x,dopamine_agonist,cabergoline,high
10.1111/j.1600-0447.1991.tb05581.x,levodopa,levodopa,high
10.1111/jgh.15803,alpha2delta_ligand,pregabalin,high
10.1111/jnu.12738,non_pharmacological,massage therapy with lavender oil,high
10.1111/jsr.13216,dopamine_agonist,pramipexole,high
10.1111/jsr.12053,dopamine_agonist,dopamine agonists,high
10.1111/jsr.14066,non_pharmacological,transauricular vagus nerve stimulation,high
10.1111/jsr.13794,non_pharmacological,cognitive task,high
10.1111/jsr.14303,other,pramipexole or pregabalin,medium
10.1111/jsr.14167,dopamine_agonist,pramipexole,high
10.1111/jsr.14311,dopamine_agonist,pramipexole and ropinirole,high
10.1111/jsr.14389,non_pharmacological,physical activity,high
10.1111/liv.12035,other,unspecified,low
10.1111/ner.13462,non_pharmacological,subthalamic deep brain stimulation,high
10.1111/ncn3.12594,alpha2delta_ligand,gabapentin,high
10.1111/pcn.13184,dopamine_agonist,pramipexole,high
10.1111/pcn.12095,dopamine_agonist,pramipexole,high
10.1111/ner.13532,non_pharmacological,thalamic deep brain stimulation,high
10.1111/papr.13349,non_pharmacological,dorsal root ganglion stimulation,high
10.1111/psyg.12043,alpha2delta_ligand,gabapentin enacarbil,high
10.1136/archdischild-2015-308599.308,iron,iron supplements,high
10.1111/trf.12061,iron,ferrous sulfate,high
10.1111/sdi.70014,non_pharmacological,high-volume hemodiafiltration with hemoadsorption,high
10.1136/bcr-2014-206679,dopamine_agonist,pramipexole,high
10.1136/bcr-2020-240686,levodopa,levodopa,high
10.1136/bcr-2023-255700,other,levodopa or dopamine agonists,medium
10.1111/psyg.70049,iron,iron sucrose,high
10.1136/bmj.330.7487.330,opioid,apomorphine,high
10.1136/bmj.288.6415.444,other_pharmacological,carbamazepine,high
10.1136/bmj.d8347,other,unspecified,low
10.1136/bmjresp-2023-bssconf.13,iron,ferric carboxymaltose,high
10.1136/bmjspcare-2014-000691,dopamine_agonist,pramipexole,high
10.1136/jnnp.2005.075671,other_pharmacological,levetiracetam,high
10.1136/jnnp.2003.034843,dopamine_agonist,apomorphine,high
10.1136/jnnp.2007.138867,non_pharmacological,cognitive behavioural therapy,high
10.1136/jnnp.2008.147397,dopamine_agonist,ropinirole,high
10.1136/jnnp.2008.152652,dopamine_agonist,dopamine agonists,high
10.1136/jnnp.53.6.522,benzodiazepine,clonazepam,high
10.1136/pgmj.69.815.701,iron,iron repletion,high
10.1155/2012/294058,non_pharmacological,gentle yoga,high
10.1155/2013/628142,non_pharmacological,aerobic exercise,high
10.1155/2012/893681,dopamine_agonist,pramipexole,high
10.1155/crnm/1198600,alpha2delta_ligand,gabapentin,high
10.1155/2022/7330308,non_pharmacological,warm compression,high
10.1155/2015/343201,non_pharmacological,acupuncture,high
10.1159/000008138,iron,ferrous sulfate,high
10.1159/000026658,dopamine_agonist,ropinirole,high
10.1159/000026659,dopamine_agonist,ropinirole,high
10.1159/000058050,dopamine_agonist,cabergoline,high
10.1159/000077943,dopamine_agonist,pramipexole,high
10.1159/000099947,dopamine_agonist,pramipexole,high
10.1159/000114904,other_pharmacological,folic acid,high
10.1159/000116643,opioid,codeine sulfate,high
10.1159/000228261,dopamine_agonist,dopaminergic agents,medium
10.1159/000322289,dopamine_agonist,pramipexole,high
10.1159/000494737,non_pharmacological,spinal cord stimulation,high
10.1159/000354408,other,calcium carbonate / quercus e cortice 6x,high
10.1159/000518911,iron,ferric carboxymaltose,high
10.1159/000508803,non_pharmacological,medium cut-off hemodialysis membranes,high
10.11604/pamj.2021.38.318.28836,iron,oral iron,high
10.1161/atvb.36.suppl_1.331,non_pharmacological,angioplasty and stenting,high
10.1161/jaha.120.018674,other,mixed rls treatments,low
10.1161/res.119.suppl_1.232,non_pharmacological,angioplasty and stenting,high
10.1176/ajp.141.8.993,opioid,opioids (unspecified low-dose),medium
10.1176/appi.neuropsych.12120394,other,unspecified,high
10.1176/pn.47.10.psychnews_47_10_18-a,dopamine_agonist,rotigotine,high
10.1177/001857870003500604,opioid,tramadol,high
10.1177/0091270009338481,dopamine_agonist,rotigotine,high
10.1177/0091270012439209,alpha2delta_ligand,gabapentin enacarbil,high
10.1177/1054773810388557,iron,iron supplementation,high
10.1177/1756286418759973,non_pharmacological,repetitive transcranial magnetic stimulation (rtms),high
10.1177/106002809402800711,other_pharmacological,clonidine,high
10.1159/000072882,other,gabapentin versus ropinirole,high
10.1177/2045125316672133,alpha2delta_ligand,gabapentin,high
10.1177/2333794x19884816,iron,oral iron,high
10.1177/21501327211019590,other,multiple interventions,medium
10.1179/1753615412y.0000000011,non_pharmacological,counterstrain manipulation,high
10.1185/03007995.2012.746217,alpha2delta_ligand,gabapentin enacarbil,high
10.1182/blood.v120.21.2283.2283,iron,ferrous sulfate,high
10.1185/030079906x132442,dopamine_agonist,ropinirole,high
10.1185/03007995.2015.1103216,dopamine_agonist,rotigotine,high
10.1185/03007995.2013.841666,dopamine_agonist,rotigotine,high
10.1186/1471-2369-14-194,dopamine_agonist,ropinirole,high
10.1186/1471-2377-12-106,dopamine_agonist,rotigotine,high
10.1186/1471-2377-10-86,dopamine_agonist,rotigotine,high
10.1186/1472-6882-12-s1-p212,non_pharmacological,gentle yoga,high
10.1186/1472-6882-12-s1-o55,non_pharmacological,yoga,high
10.1186/1752-1947-4-286,non_pharmacological,near-infrared light,high
10.1186/1752-1947-4-306,non_pharmacological,bilateral foot neuroma excision,high
10.1186/s10194-025-01976-7,other_pharmacological,calcitonin gene-related peptide monoclonal antibody (cgrp mab),high
10.1186/s12879-021-06683-7,benzodiazepine,clonazepam,high
10.1186/s12877-025-05724-z,dopamine_agonist,pramipexole,high
10.1186/s12882-021-02455-2,dopamine_agonist,dopamine agonists,medium
10.1186/s12883-020-01875-1,dopamine_agonist,dopaminergic therapy,low
10.1186/s12888-024-05763-7,dopamine_agonist,pramipexole,high
10.1186/s12905-024-03159-z,other_pharmacological,vitamin d3,high
10.1186/s12883-023-03462-6,non_pharmacological,tonic motor activation (tomac),high
10.1186/s12906-022-03814-8,other_pharmacological,magnesium and vitamin b6,high
10.1186/s40734-015-0018-3,alpha2delta_ligand,gabapentin enacarbil,high
10.1212/01.wnl.0000113752.14744.15,dopamine_agonist,pramipexole,high
10.1212/01.wnl.0000120672.94060.f1,dopamine_agonist,ropinirole,high
10.1212/01.wnl.0000124465.20878.84,dopamine_agonist,pergolide,high
10.1212/01.wnl.0000147297.51023.c8,dopamine_agonist,cabergoline,high
10.1212/01.wnl.0000237742.08297.22,dopamine_agonist,cabergoline,high
10.1212/01.wnl.0000252368.25106.b6,dopamine_agonist,unspecified,medium
10.1212/01.wnl.0000243244.07887.01,dopamine_agonist,unspecified,medium
10.1212/01.wnl.0000310984.45538.89,other_pharmacological,hydrocortisone,high
10.1212/01.wnl.0000325994.93782.a1,other_pharmacological,botulinum toxin a,high
10.1212/01.wnl.0000341770.91926.cc,alpha2delta_ligand,xp13512 (gabapentin enacarbil),high
10.1212/cpj.0000000000000276,iron,iv iron,high
10.1212/wnl.0000000000000454,dopamine_agonist,pramipexole,high
10.1212/wnl.0000000000002649,dopamine_agonist,rotigotine,high
10.1212/wnl.0000000000002327,dopamine_agonist,rotigotine,high
10.1212/wnl.0000000000006175,non_pharmacological,subthalamic nucleus deep brain stimulation,high
10.1212/wnl.0000000000200595,dopamine_agonist,pramipexole,high
10.1212/wnl.0000000000201772,non_pharmacological,tonic motor activation (tomac),high
10.1212/wnl.0b013e3181e1ce73,alpha2delta_ligand,pregabalin,high
10.1212/wnl.0000000000206855,opioid,opioids (low-dose),high
10.1212/wnl.0b013e3182242d91,dopamine_agonist,pramipexole,high
10.1212/wnl.0b013e31826b96e4,alpha2delta_ligand,pregabalin,high
10.1212/wnl.0b013e318230207a,dopamine_agonist,pramipexole,high
10.1212/wnl.0b013e318278b5e7,opioid,intrathecal morphine,high
10.1212/wnl.35.1.130,benzodiazepine,clonazepam,high
10.1212/wnl.36.10.1363,opioid,unspecified,medium
10.1212/wnl.38.12.1845,levodopa,l-dopa,high
10.1212/wnl.47.6.1435,other,unspecified,low
10.1212/wnl.51.3.912,iron,iron,high
10.1212/wnl.51.1.311-b,dopamine_agonist,pramipexole,high
10.1212/wnl.51.4.1221,dopamine_agonist,pramipexole,high
10.1212/wnl.51.6.1599,dopamine_agonist,pergolide,high
10.1212/wnl.52.2.285,levodopa,levodopa (rr-l-dopa and sr-l-dopa combination),high
10.1212/wnl.52.5.938,dopamine_agonist,pramipexole,high
10.1212/wnl.55.10.1589,dopamine_agonist,pramipexole,high
10.1212/wnl.52.5.944,dopamine_agonist,pergolide,high
10.1212/wnl.56.10.1399,dopamine_agonist,pergolide,high
10.1212/wnl.57.9.1717,alpha2delta_ligand,gabapentin,high
10.1212/wnl.63.12.e21,dopamine_agonist,cabergoline,high
10.1212/wnl.80.7_supplement.p02.059,dopamine_agonist,rotigotine,high
10.1212/wnl.80.7_supplement.p02.060,non_pharmacological,transcutaneous spinal direct current stimulation,high
10.1212/wnl.80.7_supplement.p02.067,other_pharmacological,rasagiline,high
10.1212/wnl.82.10_supplement.i3-1.009,alpha2delta_ligand,gabapentin enacarbil,high
10.1212/wnl.82.10_supplement.p5.266,dopamine_agonist,dopamine agonists (unspecified),high
10.1212/wnl.82.10_supplement.p5.268,dopamine_agonist,rotigotine,high
10.1212/wnl.82.10_supplement.p5.288,dopamine_agonist,rotigotine,high
10.1212/wnl.82.10_supplement.p5.289,alpha2delta_ligand,gabapentin enacarbil,high
10.1212/wnl.82.10_supplement.p5.290,alpha2delta_ligand,gabapentin enacarbil,high
10.1212/wnl.84.14_supplement.p7.298,dopamine_agonist,rotigotine,high
10.1212/wnl.84.14_supplement.p7.296,non_pharmacological,restiffic (pressure foot wrap),high
10.1212/wnl.84.14_supplement.p7.299,alpha2delta_ligand,gabapentin enacarbil,high
10.1212/wnl.84.14_supplement.p7.295,other_pharmacological,incobotulinum toxin-a,high
10.1212/wnl.84.14_supplement.p7.304,dopamine_agonist,rotigotine,high
10.1212/wnl.84.14_supplement.p7.300,alpha2delta_ligand,gabapentin enacarbil,high
10.1212/wnl.88.16_supplement.p3.029,other_pharmacological,incobotulinumtoxina,high
10.1213/01.ane.0000159376.47974.71,other_pharmacological,physostigmine,high
10.1227/01.neu.0000311089.04014.91,opioid,intrathecal morphine,high
10.1213/xaa.0000000000001007,non_pharmacological,spinal cord stimulation,high
10.1227/01.neu.0000325674.02282.cc,opioid,intrathecal morphine,high
10.1249/00005768-200505001-00665,non_pharmacological,aerobic and resistance training exercise,high
10.1249/01.mss.0000402524.14521.c7,non_pharmacological,traction straight leg raise,high
10.1249/01.mss.0000535256.72075.f3,non_pharmacological,blood flow restriction training,high
10.1258/phleb.2007.007051,non_pharmacological,endovenous laser ablation,high
10.12669/pjms.40.5.8400,opioid,tramadol,high
10.12659/msm.900520,iron,iron sucrose,high
10.12681/eadd/23198,other,aerobic exercise combined with dopamine agonists,high
10.12890/2022_003398,dopamine_agonist,pramipexole,high
10.12890/2025_005698,alpha2delta_ligand,gabapentin enacarbil,high
10.12968/ijtr.2017.0132,non_pharmacological,neuromuscular electric stimulation,high
10.12998/wjcc.v13.i25.108244,other_pharmacological,herbal medicines containing paeoniae radix,high
10.13078/jsm.18005,iron,ferric carboxymaltose,high
10.13078/jksrs.14004,dopamine_agonist,pramipexole,high
10.13078/jsm.17006,dopamine_agonist,pramipexole,high
10.13078/jsm.240003,other_pharmacological,vitamin b12 supplementation,high
10.1345/aph.18024,levodopa,levodopa/carbidopa,high
10.1345/aph.1l035,other_pharmacological,bupropion,high
10.1358/dot.2006.42.1.932510,dopamine_agonist,rotigotine,high
10.1345/aph.1m183,dopamine_agonist,ropinirole,high
10.13703/j.0255-2930.2016.06.011,non_pharmacological,governor moxibustion,high
10.13703/j.0255-2930.20190323-k0001,non_pharmacological,tiaoshen acupuncture,high
10.1371/journal.pone.0155835,non_pharmacological,parathyroidectomy,high
10.1371/journal.pone.0173535,dopamine_agonist,pramipexole,high
10.1371/journal.pone.0174793,dopamine_agonist,dopaminergic agents,high
10.1371/journal.pone.0230951,non_pharmacological,foot massage and heat therapy,high
10.1378/chest.08-1665,non_pharmacological,pneumatic compression devices,high
10.14309/00000434-200809001-00268,non_pharmacological,gluten-free diet,high
10.14260/jemds/2019/399,levodopa,levodopa/carbidopa,high
10.14309/00000434-200809001-00277,other_pharmacological,rifaximin,high
10.14401/kasmed.2013.20.1.035,dopamine_agonist,ropinirole,high
10.1515/jcim-2014-0069,other_pharmacological,sucrose (nabat),high
10.14442/general.15.52,other,unspecified,high
10.14710/nmjn.v12i3.46307,non_pharmacological,mindfulness-based stress reduction,high
10.1515/jcim-2020-0121,non_pharmacological,foot massage with lavender and sweet orange essential oils,high
10.1515/med-2024-1125,other_pharmacological,vitamin d,high
10.15171/jrip.2017.22,non_pharmacological,vibration therapy,high
10.1517/14656566.3.10.1481,dopamine_agonist,cabergoline,high
10.1517/14656566.2013.758251,dopamine_agonist,rotigotine (neupro),high
10.15171/jrip.2019.20,non_pharmacological,vibration and massage,high
10.15171/npj.2018.22,alpha2delta_ligand,gabapentin,high
10.15171/npj.2018.27,other_pharmacological,intravenous vitamin c,high
10.15406/ogij.2020.11.00495,non_pharmacological,transcutaneous electrical nerve stimulation with stretching,high
10.15406/ppij.2016.04.00079,other_pharmacological,potassium citrate,high
10.1590/1806-9282.20240145,non_pharmacological,compression stockings,high
10.1542/pir.27.6.231,iron,ferrous sulfate,high
10.1590/s0004-282x2002000600027,dopamine_agonist,pramipexole,high
10.1590/s1807-59322011001100017,dopamine_agonist,pramipexole,high
10.16965/ijpr.2017.176,non_pharmacological,aerobic exercise and yogasana,high
10.17049/jnursology.1457904,non_pharmacological,vitamins and minerals,high
10.17241/smr.2025.02838,other,unspecified,high
10.17241/smr.2018.00171,iron,iron,high
10.17340/jkna.2018.2.11,iron,ferric carboxymaltose,high
10.17795/nmsjournal29617,non_pharmacological,massage with lavender oil,high
10.17816/nb65268,dopamine_agonist,pramipexole,high
10.18071/isz.78.0037,dopamine_agonist,pramipexole,high
10.17942/sted.884979,non_pharmacological,progressive relaxation exercise,high
10.18203/2320-6012.ijrms20161779,non_pharmacological,muscle stretching exercise,high
10.18773/austprescr.2008.011,dopamine_agonist,cabergoline,high
10.19161/etd.1382369,dopamine_agonist,pramipexole,high
10.19540/j.cnki.cjcmm.20180115.001,other,classical chinese medicine prescriptions,low
10.20515/otd.1233819,non_pharmacological,positive airway pressure (pap),high
10.19044/esj.2018.v14n30p371,non_pharmacological,aromatherapy,high
10.20944/preprints202404.0825.v1,iron,iron supplementation,high
10.21203/rs.3.rs-1789947/v1,other,unspecified,low
10.20969/vskm.2025.18(2).24-28,other_pharmacological,"iron, vitamin d, vitamin b12, folic acid, magnesium, calcium supplementation",medium
10.21203/rs.3.rs-2129070/v1,other_pharmacological,naproxen,medium
10.21203/rs.3.rs-4155296/v1,alpha2delta_ligand,gabapentin,high
10.21203/rs.3.rs-4192475/v1,dopamine_agonist,pramipexole,high
10.2147/jprls.s40354,non_pharmacological,vibrating pads,high
10.2147/dhps.s67328,levodopa,l-dopa,high
10.21203/rs.3.rs-8815425/v1,other,"pramipexole, pregabalin, clonazepam combination",high
10.2147/jprls.s40358,non_pharmacological,vibratory stimulation,high
10.2147/jprls.s40804,alpha2delta_ligand,gabapentin enacarbil,high
10.2147/jprls.s53015,non_pharmacological,unspecified non-pharmaceutical treatment,high
10.2147/jprls.s47648,other,dopaminergic therapy withdrawal,high
10.2147/jprls.s58556,non_pharmacological,whole body vibration,high
10.2147/jprls.s77560,opioid,oxycodone/naloxone,high
10.2147/nss.s421189,other_pharmacological,aripiprazole,high
10.2147/nss.s448579,other,pramipexole and gabapentin,high
10.2147/nss.s532626,dopamine_agonist,pramipexole,high
10.21608/asnj.2025.336528.1951,non_pharmacological,cool dialysate,high
10.2147/nss.s528340,dopamine_agonist,dopaminergic agents,medium
10.21608/ejhc.2022.249361,non_pharmacological,progressive muscle relaxation,high
10.21608/ejhm.2025.422606,non_pharmacological,acupuncture-like tens,high
10.2165/00023210-200721050-00008,dopamine_agonist,pramipexole,high
10.2165/00023210-200822100-00001,dopamine_agonist,rotigotine,high
10.2165/11634870-000000000-00000,alpha2delta_ligand,gabapentin enacarbil (horizant),high
10.2169/internalmedicine.45.1555,dopamine_agonist,cabergoline,high
10.2169/internalmedicine.51.6853,levodopa,levodopa,high
10.2169/internalmedicine.52.9013,dopamine_agonist,dopamine receptor agonist,medium
10.2169/internalmedicine.55.6815,dopamine_agonist,rotigotine,high
10.2169/naika.78.1462,other_pharmacological,penicillin g,high
10.2174/0118746136268741240328062217,non_pharmacological,neurofeedback,high
10.2174/1874205x01509010004,other,unspecified,medium
10.22038/ebcj.2020.51306.2366,non_pharmacological,cold dialysate and stretching exercises,high
10.22038/ijogi.2020.16880,non_pharmacological,warm and cold water footbath,high
10.2215/cjn.10451110,non_pharmacological,short daily hemodialysis,high
10.22246/jikm.2018.39.2.116,non_pharmacological,electroacupuncture,high
10.22246/jikm.2016.37.5.717,non_pharmacological,oriental medicine,medium
10.22246/jikm.2019.40.2.270,other_pharmacological,gyejibokryeong-hwan,medium
10.22246/jikm.2023.44.2.146,other_pharmacological,jakyakgamcho-tang,high
10.22365/jpsych.2016.273.222,dopamine_agonist,pramipexole,high
10.22399/ijcesen.1243,non_pharmacological,massage,high
10.22541/au.162935801.10999591/v1,non_pharmacological,hot water immersion,high
10.22541/au.167368683.36924943/v1,non_pharmacological,progressive muscle relaxation exercises,high
10.2344/anpr-67-02-10,other_pharmacological,dexmedetomidine,high
10.23937/2572-3243.1510078,non_pharmacological,active supination dorsiflexion test guided therapeutic intervention,high
10.23736/s0031-0808.20.04046-x,other_pharmacological,pycnogenol,high
10.24966/crts-310x/100020,non_pharmacological,low-sugar diet,high
10.24198/jkp.v5i1.349,non_pharmacological,strength training (latihan kekuatan),high
10.24966/csmc-8801/1000179,other_pharmacological,ganoderma lucidum extract,high
10.24252/join.v3i2.3673,non_pharmacological,stretching exercise,high
10.2512/jspm.6.344,iron,red blood cell transfusion,high
10.25236/bemes.2018.021,other_pharmacological,rouxiujiang decoction,medium
10.25259/jnrp_226_2025,iron,ferric carboxymaltose,high
10.25419/rcsi.12764993.v2,other,unspecified,high
10.29252/ijn.27.90.91.94,non_pharmacological,stretching exercises,high
10.29252/qums.12.8.48,non_pharmacological,core stability exercises,high
10.29271/jcpsp.2019.04.309,other,unspecified,high
10.26180/5d13f3e1a5784,non_pharmacological,exercise intervention,high
10.29399/npa.27827,other_pharmacological,vortioxetine,high
10.29407/judika.v9i2.27428,non_pharmacological,intradialytic stretching exercise,high
10.30621/jbachs.1277737,non_pharmacological,aerobic exercise,high
10.30773/pi.2017.08.21,iron,oral iron,high
10.30978/unj2018-3-46,dopamine_agonist,pramipexole,high
10.31004/prepotif.v9i2.41376,non_pharmacological,strength training,high
10.3109/00207454.2011.602774,other_pharmacological,onabotulinum toxin a,high
10.3109/00207458809000489,other_pharmacological,amitriptyline,high
10.3109/07853890.2015.1025825,alpha2delta_ligand,gabapentin enacarbil,high
10.3109/00207458708987132,levodopa,carbidopa/levodopa,high
10.3109/08039489709109095,opioid,tramadol,high
10.3109/09593985.2010.511440,non_pharmacological,near-infrared light,high
10.3109/09593985.2010.502210,non_pharmacological,near-infrared light,high
10.3109/09593985.2015.1087613,non_pharmacological,near-infrared light,high
10.3121/cmr.2018.1389,non_pharmacological,near-infrared light therapy,high
10.3122/jabfm.19.5.487,non_pharmacological,aerobic exercise and resistance training,high
10.3122/jabfm.2011.04.100173,other_pharmacological,bupropion,high
10.3122/jabfm.2018.05.180065,non_pharmacological,tension and trauma release exercises,high
10.31450/ukrjnd.4(84).2024.10,non_pharmacological,kinesio taping,high
10.31579/2690-8794/105,non_pharmacological,acupuncture,high
10.31579/2835-785x/095,other_pharmacological,coenzyme q10,high
10.32598/cmja.12.2.1162.1,non_pharmacological,heat therapy,high
10.32598/jccnc.4.2.96,non_pharmacological,foot reflexology massage,high
10.3345/kjp.2008.51.11.1222,iron,iron supplements,high
10.3346/jkms.2008.23.3.533,opioid,tramadol,high
10.33653/jkp.v6i2.283,non_pharmacological,acupressure,high
10.3321/j.issn:1006-7876.2008.06.014,levodopa,levodopa/benserazide,high
10.33755/jkk.v12i1.955,non_pharmacological,intradialytic resistance exercise,high
10.3389/fmed.2025.1571045,non_pharmacological,hydrotherapy and acupressure,high
10.3389/fmed.2025.1725747,dopamine_agonist,pramipexole,high
10.3389/fneur.2017.00287,non_pharmacological,nerve decompression surgery,high
10.3389/fmed.2025.1607307,non_pharmacological,hydrotherapy and acupressure,high
10.3389/fneur.2019.00457,opioid,morphine and fentanyl,high
10.3389/fneur.2021.786408,alpha2delta_ligand,pregabalin,high
10.3389/fnins.2017.00722,other_pharmacological,dipyridamole,high
10.3389/fneur.2023.1219881,non_pharmacological,spinal cord stimulation,high
10.3389/fnhum.2026.1723992,non_pharmacological,transcranial pulse stimulation,high
10.3389/fnins.2020.00873,non_pharmacological,transcutaneous spinal cord direct-current stimulation (tsdcs),high
10.3390/geriatrics6040099,non_pharmacological,aromatherapy massage,high
10.3389/fpsyt.2023.1254936,non_pharmacological,varicose vein surgery,high
10.3390/healthcare12161570,other_pharmacological,bupropion and iron supplementation,high
10.3390/jcm11061673,iron,ferric carboxymaltose,high
10.3389/fnins.2024.1333188,other_pharmacological,stellate ganglion block,high
10.3390/jcm15082845,non_pharmacological,peroneal nerve stimulation (xd-tomac),high
10.3390/jcm8091403,non_pharmacological,low-intensity exercise,high
10.3390/jcm9124115,dopamine_agonist,unspecified,medium
10.3390/jcm8122212,non_pharmacological,positive airway pressure,high
10.3390/life15081289,other_pharmacological,"melatonin, multivitamin supplement (colinplus delta)",medium
10.3390/nu12051313,iron,ferric carboxymaltose and iron fumarate,high
10.3390/toxins10100401,other_pharmacological,incobotulinumtoxin a,high
10.34172/jnp.2020.25,dopamine_agonist,pramipexole,high
10.35248/2167-0277.20.9.318,non_pharmacological,scrambler device (electrical counter-stimulation),high
10.36590/kepo.v6i1.1184,non_pharmacological,lavender oil massage therapy,high
10.36948/ijfmr.2024.v06i04.24569,non_pharmacological,blood flow restriction training,high
10.37063/jurnalantarakeperawatan.v3i3.396,non_pharmacological,intradialytic stretching exercise,high
10.37551/s2254-28842021037,non_pharmacological,progressive muscle relaxation,high
10.3760/cma.j.issn.1001-7097.2017.10.004,other_pharmacological,neurotropin,high
10.3727/036012921x16164310686833,non_pharmacological,electroacupuncture,high
10.3760/cma.j.issn.1006-7876.2012.09.002,dopamine_agonist,pramipexole,high
10.3760/cma.j.issn.1008-6315.2001.11.017,other_pharmacological,anisodamine,high
10.3760/cma.j.issn.1672-7088.2010.10.011,non_pharmacological,nursing care,high
10.3760/cma.j.issn.1671-8925.2010.04.019,dopamine_agonist,pramipexole,high
10.3760/cma.j.issn.1673-4238.2013.01.010,non_pharmacological,high-flux dialysis,high
10.3777/jjsam.69.210,non_pharmacological,acupuncture and moxibustion,high
10.3760/cma.j.issn.1673-4351.2014.07.018,non_pharmacological,evidence-based nursing care,high
10.3844/amjsp.2011.104.110,other_pharmacological,vitamin b12 injections,high
10.3822/ijtmb.v15i2.705,non_pharmacological,foot reflexology and swedish massage,high
10.37848/jurnal.v5i1.19,non_pharmacological,intradialytic stretching exercise,high
10.3923/ijp.2025.131.137,non_pharmacological,heel vessel catgut embedding,high
10.3937/kampomed.66.307,other_pharmacological,jiin and seinetsu (traditional chinese medicine),high
10.3988/jcn.2013.9.1.51,dopamine_agonist,ropinirole,high
10.3988/jcn.2017.13.4.340,dopamine_agonist,pramipexole,high
10.3937/kampomed.71.362,other_pharmacological,kampo medicine (goshuyuto and ryokeijutsukantou),high
10.3988/jcn.2025.0092,alpha2delta_ligand,pregabalin,high
10.4009/jsdt.36.207,dopamine_agonist,pergolide mesylate,high
10.4009/jsdt.44.1155,dopamine_agonist,pramipexole,high
10.4021/jmc901w,other,unspecified,low
10.4065/73.6.497,dopamine_agonist,pramipexole,high
10.4009/jsdt.47.145,opioid,buprenorphine,high
10.4065/78.1.52,iron,iron supplementation (correction of iron stores),high
10.4065/81.1.17,dopamine_agonist,ropinirole,high
10.4065/mcp.2009.0700,alpha2delta_ligand,gabapentin enacarbil,high
10.4067/s0034-98872016001200007,dopamine_agonist,dopamine agonists,high
10.4088/jcp.v60n0407,opioid,tramadol,high
10.4081/reumatismo.2023.1557,other_pharmacological,naproxen,medium
10.4103/0253-7176.127262,dopamine_agonist,ropinirole,high
10.4088/jcp.v68n0423c,non_pharmacological,vagus nerve stimulation,high
10.4103/0256-4947.51779,iron,intravenous iron,high
10.4103/0366-6999.159344,non_pharmacological,repetitive transcranial magnetic stimulation (rtms),high
10.4103/0972-2327.194424,dopamine_agonist,ropinirole,high
10.4103/0976-3147.105625,dopamine_agonist,unspecified,medium
10.4103/1319-2442.152417,alpha2delta_ligand,gabapentin,high
10.4067/s0034-98872019001201569,iron,ferric carboxymaltose,high
10.4103/ijcm.ijcm_914_22,non_pharmacological,nursing intervention strategies,high
10.4103/1735-9066.180381,non_pharmacological,reflexology and stretching exercises,high
10.4103/ijnmr.ijnmr_133_18,non_pharmacological,cool dialysate,high
10.4103/jfmpc.jfmpc_640_20,levodopa,levodopa,high
10.4103/jmedsci.jmedsci_201_24,iron,oral iron supplementation,high
10.4103/jmh.jmh_25_18,benzodiazepine,clonazepam,high
10.4103/jpbs.jpbs_937_24,non_pharmacological,"effleurage massage therapy, foot reflexology, sleep hygiene education",high
10.4103/jmh.jmh_26_18,benzodiazepine,clonazepam,high
10.4149/bll_2015_077,non_pharmacological,kidney transplantation,high
10.4103/nsn.nsn_221_20,non_pharmacological,motor imagery,high
10.4103/neurol-india.neurol-india-d-25-00070,dopamine_agonist,pramipexole,high
10.4172/2161-0959.1000128,other_pharmacological,biotin,high
10.4254/wjh.v10.i3.379,dopamine_agonist,pramipexole,high
10.4274/jmsr.galenos.2024.2024-2-1,non_pharmacological,aerobic exercise,high
10.4274/jtsm.018,levodopa,l-dopa,high
10.4274/tftr.27122,alpha2delta_ligand,pregabalin,high
10.4306/pi.2014.11.2.204,opioid,tramadol,high
10.4306/pi.2009.6.4.313,other_pharmacological,bupropion,high
10.4324/9781315754093.ch21,non_pharmacological,surface 19-channel z-score training (19 znf),high
10.4414/smw.2011.13274,dopamine_agonist,pramipexole,high
10.46393/27132129_2024_2_78,non_pharmacological,transcutaneous spinal direct current stimulation and pneumatic compression,high
10.47671/tvg.79.23.012,dopamine_agonist,pramipexole,high
10.46570/utjms-2025-1369,iron,intravenous iron,high
10.5114/areh.2025.154337,non_pharmacological,aerobic and resistance training,high
10.51642/ppmj.v34i04.590,other_pharmacological,lacosamide,high
10.51321/jskmcp.2020.20.1.53,non_pharmacological,bee venom acupuncture,high
10.52768/3067-3852/1032,dopamine_agonist,dextroamphetamine sulfate,high
10.52783/jchr.v15.i6.10944,non_pharmacological,yoga and physiotherapy,low
10.5281/zenodo.7826121,other_pharmacological,sleepy well spray,low
10.5336/medsci.2021-84596,dopamine_agonist,dopamine agonist (unspecified),high
10.5281/zenodo.6892050,other_pharmacological,vitamin d (colcalciferol),high
10.53730/ijhs.v6ns6.13109,non_pharmacological,stretching exercises,high
10.53846/goediss-10081,non_pharmacological,transcutaneous auricular vagus nerve stimulation (tavns),high
10.5414/cpp49109,alpha2delta_ligand,gabapentin enacarbil,high
10.54029/2022exz,dopamine_agonist,unspecified,low
10.54393/pbmj.v5i3.339,non_pharmacological,stretching exercise and tens therapy,high
10.54393/pbmj.v9i1.1328,non_pharmacological,self-stretching exercise,high
10.54393/pjhs.v4i06.888,non_pharmacological,lower limb strengthening exercises,high
10.5468/kjog.2010.53.10.940,dopamine_agonist,ropinirole,high
10.5455/bcp.20131105021804,other_pharmacological,bupropion,high
10.5472/marumj.1479815,non_pharmacological,microsurgical treatment,high
10.5505/amj.2020.02703,non_pharmacological,wet cupping therapy,high
10.5505/epilepsi.2013.39205,other,unspecified,low
10.5580/1b1f,other_pharmacological,hydroxyzine hydrochloride,high
10.5662/wjm.v15.i1.97171,dopamine_agonist,dopaminergic medications,low
10.5664/jcsm.10152,iron,ferric carboxymaltose,high
10.5664/jcsm.10536,non_pharmacological,noninvasive peroneal nerve stimulation,high
10.5664/jcsm.1074,alpha2delta_ligand,gabapentin enacarbil,high
10.5664/jcsm.11846,iron,ferric carboxymaltose,high
10.5664/jcsm.11206,other_pharmacological,magnesium citrate,high
10.5664/jcsm.2036,other,dopaminergic agents and sedative-hypnotics,medium
10.5664/jcsm.2168,iron,intravenous iron,high
10.5664/jcsm.3092,other_pharmacological,varenicline,high
10.5664/jcsm.3964,non_pharmacological,sensory stimulation,high
10.5664/jcsm.5920,non_pharmacological,whole body vibration,high
10.5664/jcsm.7400,non_pharmacological,upper airway stimulation device,high
10.5664/jcsm.4290,dopamine_agonist,pramipexole,high
10.5664/jcsm.7766,iron,oral iron,high
10.5664/jcsm.7810,iron,ferrous sulfate,high
10.5664/jcsm.8134,non_pharmacological,yoga,high
10.5664/jcsm.8060,dopamine_agonist,pramipexole,high
10.5664/jcsm.8696,other_pharmacological,thalidomide,high
10.5664/jcsm.8756,iron,oral iron supplementation,high
10.5664/jcsm.7908,dopamine_agonist,dopamine agonists,high
10.5664/jcsm.9404,non_pharmacological,noninvasive peripheral nerve stimulation,high
10.5664/jcsm.9690,iron,intravenous iron,high
10.5664/jcsm.9874,dopamine_agonist,pramipexole,high
10.5665/sleep.3558,alpha2delta_ligand,pregabalin,high
10.5692/clinicalneurol.50.385,dopamine_agonist,dopaminergic agents,medium
10.5692/clinicalneurol.cn-001048,dopamine_agonist,pramipexole,high
10.5692/clinicalneurol.cn-001176,dopamine_agonist,pramipexole,high
10.5812/jjnpp.62178,dopamine_agonist,pramipexole,high
10.5812/asjsm.31001,non_pharmacological,stretching exercises,high
10.5812/numonthly.119463,non_pharmacological,cold water bags,high
10.5937/engrami1402091s,dopamine_agonist,pramipexole,high
10.58355/dirosat.v1i4.42,non_pharmacological,buerger allen exercise,high
10.59736/ijp.23.02.952,iron,ferric carboxymaltose,high
10.60147/f62a1452,iron,iron,high
10.6018/sportk.512761,non_pharmacological,"stretching, strengthening exercises and walking",high
10.61919/jhrr.v3i2.248,non_pharmacological,mulligan's traction straight leg raise,high
10.6061/clinics/2013(04)06,other_pharmacological,saint john's wort,high
10.61186/sjku.29.4.49,non_pharmacological,transcutaneous electrical nerve stimulation (tens),high
10.61919/jhrr.v4i2.807,non_pharmacological,stretching exercises,high
10.64252/tkx42w69,non_pharmacological,interval aerobic training,high
10.64898/2025.12.26.696558,alpha2delta_ligand,pregabalin,high
10.7176/jhmn/68-10,non_pharmacological,muscle stretching exercises,high
10.70332/jkp.v1i1.6,non_pharmacological,aerobic exercise and stretching exercise,high
10.7231/jon.2015.26.4.357,non_pharmacological,"korean medicine (herbal medication, acupuncture, oriental psychotherapy)",high
10.7243/2052-6946-5-1,opioid,methadone,high
10.69980/ajpr.v28i1.77,non_pharmacological,warm massage therapy,high
10.7326/acpjc-2000-132-1-024,dopamine_agonist,pergolide,high
10.7556/jaoa.2016.088,non_pharmacological,targeted pressure device (abductor hallucis and flexor hallucis brevis muscles),high
10.7759/cureus.12034,alpha2delta_ligand,gabapentin,high
10.7730/jscm.2015.27.4.419,other_pharmacological,hyeongbangsabaeksan,high
10.7759/cureus.105315,other_pharmacological,dextromethorphan,high
10.7759/cureus.20775,other_pharmacological,withania somnifera,high
10.7759/cureus.32805,other,unspecified,low
10.7759/cureus.78159,iron,iron replacement therapy,high
10.7759/cureus.4368,non_pharmacological,endovenous radiofrequency ablation and ultrasound-guided foam sclerotherapy,high
10.7759/cureus.57354,other_pharmacological,methimazole,high
10.7759/cureus.91241,dopamine_agonist,ropinirole,high
10.7916/d8348j3b,dopamine_agonist,unspecified,medium
10.7916/d8xd10d9,dopamine_agonist,pramipexole,high
10.7916/d8m61j0p,dopamine_agonist,pramipexole,high
10.9758/cpn.22.1021,other_pharmacological,vortioxetine,high
pmid_10416230,dopamine_agonist,ropinirole,high
pmid_10696651,dopamine_agonist,ropinirole,high
10.9758/cpn.25.1316,other_pharmacological,aripiprazole,high
pmid_10697985,other,unspecified,low
pmid_10811379,dopamine_agonist,cabergoline,high
pmid_11808358,non_pharmacological,lumbar corset,high
pmid_12462942,dopamine_agonist,ropinirole,high
pmid_12841721,alpha2delta_ligand,gabapentin,high
pmid_10947026,dopamine_agonist,pergolide,high
pmid_12166546,dopamine_agonist,cabergoline,high
pmid_14651138,other,unspecified,low
pmid_14707315,dopamine_agonist,ropinirole,high
pmid_15168262,other_pharmacological,topiramate,high
pmid_15283013,levodopa,carbidopa/levodopa,high
pmid_15467992,dopamine_agonist,ropinirole,high
pmid_15565533,benzodiazepine,clonazepam,high
pmid_15662897,levodopa,levodopa/benserazide,high
pmid_16318146,non_pharmacological,acupuncture,high
pmid_17128523,dopamine_agonist,ropinirole,high
pmid_17432089,dopamine_agonist,pramipexole,high
pmid_17511286,dopamine_agonist,pergolide,high
pmid_17557456,dopamine_agonist,unspecified dopamine agonist,medium
pmid_17557494,other_pharmacological,magnesium sulfate,high
pmid_17561538,other_pharmacological,botulinum toxin type-a,high
pmid_18189076,other_pharmacological,lamotrigine,high
pmid_17948213,other_pharmacological,agalsidase beta,high
pmid_18257184,non_pharmacological,acupuncture combined with tdp radiation,high
pmid_18516284,levodopa,l-dopa,medium
pmid_18788648,dopamine_agonist,pramipexole,high
pmid_19039990,dopamine_agonist,pramipexole,high
pmid_19284179,other_pharmacological,valerian,high
pmid_19603292,dopamine_agonist,dopaminergic drugs,medium
pmid_20120624,dopamine_agonist,pramipexole,high
pmid_21089214,non_pharmacological,transcranial pulsed electrostimulation and alternating electrostatic field,high
pmid_2046771,other_pharmacological,hydroquinine,high
pmid_2194708,other,unspecified,low
pmid_21948008,other,unspecified,low
pmid_20957852,other_pharmacological,cigarette smoking,high
pmid_22737548,other_pharmacological,selenium,high
pmid_23094294,other_pharmacological,yi-gan san,high
pmid_23852842,dopamine_agonist,pramipexole,high
pmid_24247058,dopamine_agonist,ropinirole,high
pmid_23156076,dopamine_agonist,"ropinirole, pramipexole, pergolide",high
pmid_27280102,other_pharmacological,zolpidem,high
pmid_2507405,other_pharmacological,carbamazepine,high
pmid_25532586,iron,saccharum iron,high
pmid_2929037,levodopa,levodopa/benserazide,high
pmid_2928741,other_pharmacological,clonidine,high
pmid_30090683,non_pharmacological,blood flow restriction training,high
pmid_3344406,other,unspecified,low
pmid_31249480,alpha2delta_ligand,gabapentin,high
pmid_38518173,non_pharmacological,hot and cold water applications,high
pmid_3557297,benzodiazepine,alprazolam (xanax),high
pmid_7063822,other_pharmacological,disopyramide,high
pmid_3946115,opioid,opiates (unspecified),high
pmid_8259469,levodopa,levodopa and codeine,high
pmid_8723378,levodopa,levodopa/carbidopa,high
pmid_8588396,levodopa,l-dopa,high
pmid_9340624,other,unspecified,low
pmid_9538563,benzodiazepine,clonazepam,high
pmid_953882,other_pharmacological,folic acid,high
10.1002/1531-8257(199901)14/1<138//aid-mds1023>3.0.co;2-a,dopamine_agonist,ropinirole,high
10.1002/1531-8257(200003)15/2<324//aid-mds1020>3.0.co;2-4,other_pharmacological,amantadine,high
10.1007/s12311-012-0382-6,dopamine_agonist,lisuride,high
10.1093/sleep/19.3.214,levodopa,levodopa/carbidopa,high
10.1093/sleep/23.3.1b,dopamine_agonist,cabergoline,high
10.1093/sleep/9.3.385,benzodiazepine,clonazepam and temazepam,high
10.1179/1753615411y.0000000002,non_pharmacological,counterstrain manipulation,high
10.33588/rn.2909.99317,dopamine_agonist,ropinirole,high
10.5665/sleep/31.9.1229,dopamine_agonist,pramipexole,high
