doi,organism,indication,confidence
10.1001/archneur.57.5.729,human,treatment,high
10.1001/archneur.1982.00510230065027,human,treatment,high
10.1001/archneur.61.9.1393,human,treatment,high
10.1001/archneur.1990.00530110083021,human,treatment,high
10.1002/14651858.cd005504.pub2,human,treatment,high
10.1002/1531-8257(199901)14:1<138::aid-mds1023>3.0.co;2-a,human,treatment,high
10.1002/1531-8257(200003)15:2<324::aid-mds1020>3.0.co;2-4,human,treatment,high
10.1002/14651858.cd006941.pub2,human,treatment,high
10.1002/ajh.23820,human,treatment,high
10.1002/ajh.27290,human,treatment,high
10.1002/ana.23565,human,treatment,high
10.1002/ana.410240318,human,treatment,high
10.1002/ccr3.2144,human,treatment,high
10.1002/ccr3.1619,human,treatment,high
10.1002/jgf2.338,human,not_applicable,high
10.1002/dat.20348,human,treatment,high
10.1002/cca.2515,human,treatment,high
10.1002/mdc3.12039,human,treatment,high
10.1002/mdc3.12299,human,treatment,high
10.1002/mdc3.13833,human,treatment,high
10.1002/mds.10080,human,treatment,high
10.1002/mdc3.12594,human,not_applicable,high
10.1002/mds.10503,human,treatment,high
10.1002/mds.10231,human,treatment,high
10.1002/mds.1141,human,treatment,high
10.1002/mds.1214.abs,human,treatment,high
10.1002/mds.1214,human,treatment,high
10.1002/mds.1104,human,treatment,high
10.1002/mds.20219,human,treatment,high
10.1002/mds.20251,human,treatment,high
10.1002/mds.20257,human,treatment,high
10.1002/mds.20349,human,treatment,high
10.1002/mds.20677,human,treatment,high
10.1002/mds.20911,human,treatment,high
10.1002/mds.20359,human,treatment,high
10.1002/mds.20969,human,not_applicable,high
10.1002/mds.20983,human,treatment,high
10.1002/mds.21261,human,treatment,high
10.1002/mds.21050,human,treatment,high
10.1002/mds.21342,human,treatment,high
10.1002/mds.21401,human,treatment,high
10.1002/mds.21882,human,not_applicable,high
10.1002/mds.22016,human,not_applicable,high
10.1002/mds.22562,human,treatment,high
10.1002/mds.22436,human,treatment,high
10.1002/mds.22753,human,not_applicable,high
10.1002/mds.23157,human,treatment,high
10.1002/mds.23543,human,treatment,high
10.1002/mds.24889,human,treatment,high
10.1002/mds.25154,human,treatment,high
10.1002/mds.27040,human,treatment,high
10.1002/mds.27644,human,treatment,high
10.1002/mds.28224,human,treatment,high
10.1002/mds.23771,human,treatment,high
10.1002/mds.28903,human,treatment,high
10.1002/mds.28668,human,treatment,high
10.1002/mds.870130333,human,treatment,high
10.1002/mus.20427,human,treatment,high
10.1002/pcn5.213,human,not_applicable,high
10.1002/pds.5852,human,treatment,high
10.1002/pds.5596,human,treatment,high
10.1002/pu.20213,human,treatment,high
10.1007/bf01037942,human,treatment,high
10.1007/bf01253608,human,not_applicable,high
10.1007/s00268-013-2185-4,human,treatment,high
10.1007/bf01277664,human,treatment,high
10.1007/s00406-002-0380-7,human,treatment,high
10.1007/s00415-004-0367-6,human,treatment,high
10.1007/s00415-009-5299-8,human,treatment,high
10.1007/s00391-015-0984-y,human,treatment,high
10.1007/s00384-018-3032-8,human,treatment,high
10.1007/s00415-010-5644-y,human,not_applicable,high
10.1007/s00702-004-0217-9,human,not_applicable,high
10.1007/s00415-010-5879-7,human,treatment,high
10.1007/s00702-003-0814-z,human,treatment,high
10.1007/s00702-005-0386-1,human,treatment,high
10.1007/s007020050055,human,treatment,high
10.1007/s10047-019-01100-y,human,treatment,high
10.1007/s10047-020-01164-1,human,treatment,high
10.1007/s10072-013-1478-6,human,treatment,high
10.1007/s10072-014-1653-4,human,treatment,high
10.1007/s10072-018-3456-5,human,treatment,high
10.1007/s10072-021-05667-4,human,treatment,high
10.1007/s10072-023-06733-9,human,treatment,high
10.1007/s00702-009-0361-3,human,treatment,high
10.1007/s10072-024-07342-w,human,treatment,high
10.1007/s10157-011-0485-2,human,treatment,high
10.1007/s10072-025-08677-8,human,treatment,high
10.1007/s10620-009-0943-9,human,treatment,high
10.1007/s10620-007-0021-0,human,treatment,high
10.1007/s11325-014-1041-6,human,treatment,high
10.1007/s11325-014-1049-y,human,treatment,high
10.1007/s11325-018-1619-5,human,treatment,high
10.1007/s11325-019-01984-3,human,treatment,high
10.1007/s11325-018-1751-2,human,treatment,high
10.1007/s11325-021-02353-9,human,treatment,high
10.1007/s13318-015-0273-6,human,not_applicable,high
10.1007/s11695-025-08381-8,human,treatment,high
10.1007/s13760-016-0631-4,human,treatment,high
10.1007/s13760-025-02871-3,human,not_applicable,high
10.1007/s15006-017-9294-1,human,treatment,high
10.1007/s40261-013-0150-5,human,not_applicable,high
10.1007/s40263-012-0020-3,human,treatment,high
10.1007/s40263-015-0254-y,human,treatment,high
10.1007/s40263-016-0329-4,human,treatment,high
10.1007/s40263-016-0372-1,human,treatment,high
10.1007/s40263-023-01055-y,human,treatment,high
10.1007/s40263-016-0333-8,human,treatment,high
10.1007/s40263-025-01192-6,human,treatment,high
10.1007/s41105-021-00364-3,human,treatment,high
10.1007/s41105-022-00401-9,human,not_applicable,high
10.1007/s44337-025-00545-w,human,treatment,high
10.1007/s44337-024-00002-0,human,treatment,high
10.1016/j.ajem.2026.03.019,human,treatment,high
10.1016/j.bj.2021.05.005,human,treatment,high
10.1016/j.bj.2022.06.001,human,treatment,high
10.1016/j.braindev.2010.09.008,human,treatment,high
10.1016/j.braindev.2018.10.001,human,treatment,high
10.1016/j.cdtm.2017.08.001,human,not_applicable,high
10.1016/j.brs.2014.06.008,human,treatment,high
10.1016/j.clinph.2007.04.024,human,not_applicable,high
10.1016/j.clinph.2007.04.001,human,treatment,high
10.1016/j.clinph.2011.05.027,human,treatment,high
10.1016/j.clinthera.2008.02.001,human,treatment,high
10.1016/j.clinthera.2013.10.011,human,not_applicable,high
10.1016/j.clinthera.2015.02.012,human,treatment,high
10.1016/j.clinthera.2013.06.016,human,treatment,high
10.1016/j.clinthera.2016.05.008,human,treatment,high
10.1016/j.ctim.2019.05.009,human,treatment,high
10.1016/j.curtheres.2007.11.001,human,treatment,high
10.1016/j.ctim.2020.102409,human,treatment,high
10.1016/j.clinthera.2012.01.002,human,not_applicable,high
10.1016/j.explore.2023.08.017,human,treatment,high
10.1016/j.explore.2024.05.001,human,treatment,high
10.1016/j.explore.2025.103205,human,treatment,high
10.1016/j.genhosppsych.2006.10.006,human,not_applicable,high
10.1016/j.heliyon.2022.e12258,human,not_applicable,high
10.1016/j.ijcard.2008.11.177,human,treatment,high
10.1016/j.jamda.2025.105485,human,treatment,high
10.1016/j.jams.2017.08.004,human,treatment,high
10.1016/j.jbmt.2019.06.012,human,treatment,high
10.1016/j.ijpsycho.2014.12.005,human,treatment,high
10.1016/j.jbmt.2025.06.015,human,treatment,high
10.1016/j.jecr.2023.100143,human,not_applicable,high
10.1016/j.jns.2006.06.023,human,treatment,high
10.1016/j.jns.2010.04.003,human,treatment,high
10.1016/j.jns.2009.11.010,human,treatment,high
10.1016/j.jns.2012.07.007,human,treatment,high
10.1016/j.jns.2013.11.001,human,treatment,high
10.1016/j.jns.2015.01.025,human,treatment,high
10.1016/j.jns.2022.120462,human,treatment,high
10.1016/j.jns.2016.09.006,human,treatment,high
10.1016/j.jpainsymman.2014.08.010,human,treatment,high
10.1016/j.jocn.2015.01.032,human,not_applicable,high
10.1016/j.jvir.2022.12.019,human,treatment,high
10.1016/j.jocn.2025.111369,human,treatment,high
10.1016/j.math.2012.11.002,human,treatment,high
10.1016/j.msard.2021.102836,human,treatment,high
10.1016/j.msard.2022.104480,human,treatment,high
10.1016/j.nefro.2017.03.023,human,treatment,high
10.1016/j.nefroe.2017.11.017,human,treatment,high
10.1016/j.neucli.2004.02.002,human,treatment,high
10.1016/j.neurol.2013.05.001,human,treatment,high
10.1016/j.neurol.2016.12.035,human,treatment,high
10.1016/j.neurom.2022.10.046,human,treatment,high
10.1016/j.pain.2013.05.007,human,treatment,high
10.1016/j.parkreldis.2010.11.017,human,treatment,high
10.1016/j.parkreldis.2007.05.006,human,treatment,high
10.1016/j.parkreldis.2004.10.015,human,treatment,high
10.1016/j.parkreldis.2014.06.014,human,treatment,high
10.1016/j.parkreldis.2011.10.010,human,treatment,high
10.1016/j.parkreldis.2017.05.015,human,not_applicable,high
10.1016/j.parkreldis.2015.10.007,human,treatment,high
10.1016/j.pec.2023.107768,human,treatment,high
10.1016/j.pediatrneurol.2004.11.007,human,treatment,high
10.1016/j.pnpbp.2010.02.011,human,treatment,high
10.1016/j.pnpbp.2011.10.009,human,treatment,high
10.1016/j.pnpbp.2012.10.012,human,treatment,high
10.1016/j.psychres.2023.115479,human,treatment,high
10.1016/j.sleep.2003.07.005,human,treatment,high
10.1016/j.sleep.2004.01.007,human,treatment,high
10.1016/j.sleep.2004.03.002,human,treatment,high
10.1016/j.sleep.2004.05.006,human,treatment,high
10.1016/j.sleep.2004.10.012,human,treatment,high
10.1016/j.sleep.2004.12.002,human,treatment,high
10.1016/j.sleep.2004.10.014,human,not_applicable,high
10.1016/j.sleep.2005.01.008,human,treatment,high
10.1016/j.sleep.2005.05.007,human,treatment,high
10.1016/j.sleep.2005.06.009,human,treatment,high
10.1016/j.sleep.2006.03.011,human,treatment,high
10.1016/j.sleep.2006.05.018,human,treatment,high
10.1016/j.sleep.2006.09.009,human,treatment,high
10.1016/j.sleep.2007.03.023,human,not_applicable,high
10.1016/j.sleep.2007.04.010,human,treatment,high
10.1016/j.sleep.2007.07.020,human,treatment,high
10.1016/j.sleep.2007.08.017,human,treatment,high
10.1016/j.sleep.2007.10.023,human,treatment,high
10.1016/j.sleep.2007.12.004,human,treatment,high
10.1016/j.sleep.2007.12.006,human,treatment,high
10.1016/j.sleep.2008.04.012,human,treatment,high
10.1016/j.sleep.2008.05.014,human,treatment,high
10.1016/j.sleep.2006.10.008,human,treatment,high
10.1016/j.sleep.2008.07.014,human,treatment,high
10.1016/j.sleep.2008.11.003,human,treatment,high
10.1016/j.sleep.2009.03.009,human,treatment,high
10.1016/j.sleep.2008.09.001,human,treatment,high
10.1016/j.sleep.2009.05.003,human,treatment,high
10.1016/j.sleep.2009.12.002,human,treatment,high
10.1016/j.sleep.2009.12.008,human,treatment,high
10.1016/j.sleep.2010.02.014,human,treatment,high
10.1016/j.sleep.2010.03.019,human,treatment,high
10.1016/j.sleep.2010.11.002,human,treatment,high
10.1016/j.sleep.2010.08.005,human,treatment,high
10.1016/j.sleep.2010.11.007,human,treatment,high
10.1016/j.sleep.2010.03.003,human,treatment,high
10.1016/j.sleep.2010.12.007,human,treatment,high
10.1016/j.sleep.2011.01.008,human,treatment,high
10.1016/j.sleep.2011.03.003,human,treatment,high
10.1016/j.sleep.2011.03.021,human,treatment,high
10.1016/j.sleep.2011.06.009,human,treatment,high
10.1016/j.sleep.2011.08.007,human,not_applicable,high
10.1016/j.sleep.2011.09.016,human,treatment,high
10.1016/j.sleep.2011.11.010,human,treatment,high
10.1016/j.sleep.2011.12.009,human,treatment,high
10.1016/j.sleep.2012.02.011,human,treatment,high
10.1016/j.sleep.2012.06.007,human,treatment,high
10.1016/j.sleep.2012.08.004,human,treatment,high
10.1016/j.sleep.2012.08.019,human,treatment,high
10.1016/j.sleep.2012.11.001,human,treatment,high
10.1016/j.sleep.2013.02.012,human,treatment,high
10.1016/j.sleep.2013.05.018,human,treatment,high
10.1016/j.sleep.2013.02.013,human,treatment,high
10.1016/j.sleep.2013.06.006,human,treatment,high
10.1016/j.sleep.2013.07.007,human,treatment,high
10.1016/j.sleep.2014.01.016,human,treatment,high
10.1016/j.sleep.2014.07.032,human,treatment,high
10.1016/j.sleep.2014.09.015,human,treatment,high
10.1016/j.sleep.2014.08.012,human,treatment,high
10.1016/j.sleep.2014.10.025,human,treatment,high
10.1016/j.sleep.2014.12.019,human,not_applicable,high
10.1016/j.sleep.2014.12.029,human,treatment,high
10.1016/j.sleep.2015.03.006,human,treatment,high
10.1016/j.sleep.2015.04.016,human,treatment,high
10.1016/j.sleep.2015.05.028,human,treatment,high
10.1016/j.sleep.2015.11.002,human,treatment,high
10.1016/j.sleep.2015.10.006,human,treatment,high
10.1016/j.sleep.2016.01.008,human,treatment,high
10.1016/j.sleep.2015.08.006,human,treatment,high
10.1016/j.sleep.2016.06.021,human,treatment,high
10.1016/j.sleep.2016.05.004,human,treatment,high
10.1016/j.sleep.2017.03.012,human,treatment,high
10.1016/j.sleep.2017.06.023,human,treatment,high
10.1016/j.sleep.2017.09.028,human,treatment,high
10.1016/j.sleep.2017.11.1134,human,treatment,high
10.1016/j.sleep.2016.04.012,human,treatment,high
10.1016/j.sleep.2017.11.1139,human,treatment,high
10.1016/j.sleep.2018.02.002,human,treatment,high
10.1016/j.sleep.2018.02.008,human,not_applicable,high
10.1016/j.sleep.2018.04.001,human,treatment,high
10.1016/j.sleep.2018.06.004,human,not_applicable,high
10.1016/j.sleep.2018.11.025,human,treatment,high
10.1016/j.sleep.2019.09.020,human,treatment,high
10.1016/j.sleep.2020.02.027,human,treatment,high
10.1016/j.sleep.2020.06.002,human,treatment,high
10.1016/j.sleep.2020.07.011,human,treatment,high
10.1016/j.sleep.2021.01.017,human,not_applicable,high
10.1016/j.sleep.2020.07.026,human,treatment,high
10.1016/j.sleep.2020.10.022,human,treatment,high
10.1016/j.sleep.2021.08.030,human,treatment,high
10.1016/j.sleep.2021.07.004,human,treatment,high
10.1016/j.sleep.2021.05.036,human,treatment,high
10.1016/j.sleep.2022.08.001,human,treatment,high
10.1016/j.sleep.2022.05.003,human,treatment,high
10.1016/j.sleep.2022.09.021,human,treatment,high
10.1016/j.sleep.2023.06.023,human,treatment,high
10.1016/j.sleep.2023.11.010,human,treatment,high
10.1016/j.sleep.2024.08.017,human,treatment,high
10.1016/j.sleep.2024.08.004,human,treatment,high
10.1016/j.sleep.2024.09.005,human,treatment,high
10.1016/j.sleep.2025.02.045,human,treatment,high
10.1016/j.sleep.2025.106634,human,treatment,high
10.1016/j.sleep.2025.106664,human,treatment,high
10.1016/j.sleep.2026.108789,human,treatment,high
10.1016/j.wneu.2016.05.077,human,treatment,high
10.1016/j.smrv.2020.101274,human,treatment,high
10.1016/j.transproceed.2007.03.097,human,treatment,high
10.1016/j.wneu.2024.01.103,human,treatment,high
10.1016/s0002-9343(97)89493-4,human,treatment,high
10.1016/s0306-9877(02)00357-2,human,not_applicable,high
10.1016/s0140-6736(86)92135-5,human,treatment,high
10.1016/s0378-3782(02)00092-0,human,not_applicable,high
10.1016/s0887-8994(99)00152-6,human,treatment,high
10.1016/s0924-977x(01)00080-3,human,treatment,high
10.1016/s0987-7053(03)00056-x,human,treatment,high
10.1016/s1389-9457(01)00081-8,human,treatment,high
10.1016/s1353-8020(00)00041-9,human,treatment,high
10.1016/s1389-9457(01)00116-2,human,treatment,high
10.1016/s1389-9457(01)00132-0,human,treatment,high
10.1016/s1389-9457(01)00160-5,human,treatment,high
10.1016/s1389-9457(02)00144-2,human,treatment,high
10.1016/s1389-9457(03)00165-5,human,treatment,high
10.1016/s1474-4422(11)70127-2,human,treatment,high
10.1016/s1474-4422(13)70239-4,human,treatment,high
10.1017/cjn.2016.150,human,treatment,high
10.1016/s1474-4422(08)70112-1,human,treatment,high
10.1017/s0317167100010350,human,treatment,high
10.1017/s0317167100036350,human,treatment,high
10.1017/s1092852919000476,human,treatment,high
10.1017/s1461145707008310,human,treatment,high
10.1024/2674-0052/a000070,human,treatment,high
10.1038/jcbfm.2011.201,human,treatment,high
10.1034/j.1399-6576.2002.460121.x,human,treatment,high
10.1038/s41394-023-00576-4,human,treatment,high
10.1038/sc.2010.164,human,treatment,high
10.1038/sc.1996.53,human,not_applicable,high
10.1038/scsandc.2016.22,human,treatment,high
10.1046/j.1440-1819.1999.00522.x,human,treatment,high
10.1038/s41598-022-07659-6,human,treatment,high
10.1046/j.1468-1331.2000.0070s1027.x,human,treatment,high
10.1053/j.ajkd.2003.11.021,human,treatment,high
10.1053/ajkd.2001.25202,human,treatment,high
10.1053/j.ajkd.2009.04.034,human,not_applicable,high
10.1053/j.ajkd.2015.12.027,human,treatment,high
10.1055/s-0028-1086647,human,treatment,high
10.1055/s-0029-1213529,human,treatment,high
10.1055/s-0032-1301540,human,treatment,high
10.1055/s-0041-1730447,human,treatment,high
10.1055/s-0039-3400132,human,treatment,high
10.1055/s-0043-1770253,human,treatment,high
10.1055/s-0029-1240073,human,not_applicable,high
10.1055/s-0043-1770810,human,treatment,high
10.1055/s-0046-1819673,human,treatment,high
10.1055/s-2003-39047,human,not_applicable,high
10.1055/s-2005-918641,human,treatment,high
10.1055/s-2005-919538,human,treatment,high
10.1055/s-2005-919218,human,treatment,high
10.1055/s-2006-953440,human,not_applicable,high
10.1055/s-2007-1017828,human,treatment,high
10.1055/s-2007-996659,human,treatment,high
10.1056/jn200504070000002,human,treatment,high
10.1055/s-2007-996764,human,treatment,high
10.1056/nejm-jw.na41733,human,prevention,high
10.1080/00207454.2020.1838515,human,treatment,high
10.1056/nejm-jw.na44259,human,treatment,medium
10.1080/00207454.2021.1879065,human,treatment,high
10.1056/nejmoa1303646,human,treatment,high
10.1080/0886022x.2023.2283589,human,treatment,high
10.1080/10790268.2017.1368963,human,treatment,high
10.1080/10874208.2012.677650,human,treatment,high
10.1080/17434440.2025.2508872,human,treatment,high
10.1081/jdi-120039823,human,treatment,high
10.1089/acm.2008.0227,human,treatment,high
10.1089/acm.2012.0330,human,treatment,high
10.1089/acu.2009.0598,human,treatment,high
10.1089/acu.2016.1194,human,treatment,medium
10.1089/jicm.2021.0182,human,treatment,high
10.1089/can.2021.0158,human,treatment,high
10.1093/ageing/23.3.200,human,treatment,high
10.1089/jicm.2023.0791,human,treatment,high
10.1093/brain/awh079,human,not_applicable,high
10.1093/ageing/afl124,human,treatment,high
10.1093/brain/awp170,human,treatment,high
10.1093/ndt/gfaf116.1574,human,treatment,high
10.1093/ndt/gft288,human,treatment,high
10.1093/sleep/16.8.713,human,treatment,high
10.1093/sleep/16.4.327,human,treatment,high
10.1093/sleep/18.8.681,human,treatment,high
10.1093/ofid/ofae631.333,human,prevention,high
10.1093/sleep/19.1.52,human,treatment,high
10.1093/sleep/19.3.196,human,treatment,high
10.1093/sleep/20.10.878,human,treatment,high
10.1093/sleep/19.3.205,human,treatment,high
10.1093/sleep/21.5.501,human,treatment,high
10.1093/sleep/26.7.815,human,treatment,high
10.1093/sleep/22.8.1073,human,treatment,high
10.1093/sleep/21.6.617,human,treatment,high
10.1093/sleep/19.10.801,human,treatment,high
10.1093/sleep/26.7.819,human,treatment,high
10.1093/sleep/27.4.674,human,treatment,high
10.1093/sleep/33.6.793,human,treatment,high
10.1093/sleep/zsaa056.1262,human,treatment,high
10.1093/sleep/27.5.907,human,treatment,high
10.1093/sleep/zsaa056.786,human,treatment,high
10.1093/sleep/zsaa056.787,human,treatment,high
10.1093/sleep/zsaa056.792,human,treatment,high
10.1093/sleep/zsaa056.798,human,treatment,high
10.1093/sleep/zsaa056.790,human,treatment,high
10.1093/sleep/32.2.159,human,treatment,high
10.1093/sleep/zsaa056.805,human,treatment,high
10.1093/sleep/zsaa056.971,human,treatment,high
10.1093/sleep/zsaa056.997,human,treatment,high
10.1093/sleep/zsaa183,human,treatment,high
10.1093/sleep/zsab072.582,human,treatment,high
10.1093/sleep/zsab072.530,human,treatment,high
10.1093/sleep/zsac079.495,human,treatment,high
10.1093/sleep/zsab072.529,human,treatment,high
10.1093/sleep/zsac079.556,human,treatment,high
10.1093/sleep/zsac079.503,human,treatment,high
10.1093/sleep/zsac079.821,human,not_applicable,high
10.1093/sleep/zsad077.0699,human,treatment,high
10.1093/sleep/zsac108,human,treatment,high
10.1093/sleep/zsad077.0702,human,treatment,high
10.1093/sleep/zsad077.0707,human,treatment,high
10.1093/sleep/zsad077.0710,human,treatment,high
10.1093/sleep/zsad077.0717,human,treatment,high
10.1093/sleep/zsad077.0713,human,treatment,high
10.1093/sleep/zsad077.0987,human,treatment,high
10.1093/sleep/zsad154,human,treatment,high
10.1093/sleep/zsad188,human,treatment,high
10.1093/sleep/zsad190,human,treatment,high
10.1093/sleep/zsae067.01153,human,treatment,high
10.1093/sleep/zsae067.01161,human,treatment,high
10.1093/sleep/zsae067.01180,human,treatment,high
10.1093/sleep/zsae067.01224,human,treatment,high
10.1093/sleep/zsae067.01210,human,treatment,high
10.1093/sleep/zsae067.0390,human,treatment,high
10.1093/sleep/zsae067.0684,human,treatment,high
10.1093/sleep/zsae067.0685,human,treatment,high
10.1093/sleep/zsae067.0704,human,treatment,high
10.1093/sleep/zsae067.0701,human,treatment,high
10.1093/sleep/zsae067.0687,human,treatment,high
10.1093/sleep/zsae067.0708,human,treatment,high
10.1093/sleep/zsae067.0706,human,treatment,high
10.1093/sleep/zsae095,human,treatment,high
10.1093/sleep/zsae067.0712,human,treatment,high
10.1093/sleep/zsae067.0714,human,treatment,high
10.1093/sleep/zsae217,human,not_applicable,high
10.1093/sleep/zsaf090.0903,human,treatment,high
10.1093/sleep/zsaf090.0902,human,treatment,high
10.1093/sleep/zsae310,human,treatment,high
10.1093/sleep/zsaf090.0904,human,treatment,high
10.1093/sleep/zsaf090.0906,human,treatment,high
10.1093/sleep/zsaf090.0910,human,treatment,high
10.1093/sleep/zsaf090.0907,human,treatment,high
10.1093/sleep/zsaf090.0911,human,treatment,high
10.1093/sleep/zsaf090.1420,human,treatment,high
10.1093/sleep/zsaf090.1421,human,treatment,high
10.1093/sleep/zsaf090.1457,human,treatment,high
10.1093/sleep/zsaf090.1443,human,treatment,high
10.1093/sleep/zsaf090.1485,human,treatment,high
10.1093/sleep/zsaf090.1468,human,treatment,high
10.1093/sleep/zsaf090.1496,human,treatment,high
10.1093/sleep/zsag008,human,treatment,high
10.1093/sleep/zsy061.661,human,treatment,high
10.1093/sleep/zsy061.665,human,treatment,high
10.1093/sleep/zsy061.663,human,treatment,high
10.1093/sleep/zsy063.1105,human,treatment,high
10.1093/sleep/zsy061.667,human,treatment,high
10.1093/sleep/zsz067.655,human,not_applicable,high
10.1093/sleep/zsz067.663,human,treatment,high
10.1093/sleep/zsz067.664,human,treatment,high
10.1093/sleep/zsz067.670,human,treatment,high
10.1093/sleep/zsz067.666,human,treatment,high
10.1093/sleep/zsz234,human,treatment,high
10.1093/sleep/zsz223,animal,treatment,high
10.1093/sleepj/zsx050.720,human,treatment,high
10.1093/sleepj/zsx050.746,human,treatment,high
10.1096/fasebj.20.4.a191-a,human,treatment,high
10.1093/sleepj/zsx052.015,human,treatment,high
10.1097/00002826-198610000-00006,human,treatment,high
10.1097/00002826-198702000-00007,human,treatment,high
10.1097/00002826-199704000-00006,human,treatment,high
10.1097/00002826-200403000-00008,human,not_applicable,high
10.1097/00004714-198812000-00017,human,treatment,medium
10.1097/00007611-199808000-00007,human,treatment,high
10.1097/00004850-199801000-00011,human,treatment,high
10.1097/00005768-200505001-00665,human,treatment,high
10.1097/01.jcp.0000246205.88281.d8,human,treatment,high
10.1097/01720610-200903000-00007,human,treatment,high
10.1097/aln.0b013e31826e7038,human,treatment,high
10.1097/01.wnf.0000194706.61224.29,human,treatment,high
10.1097/01.wnf.0000135480.78529.06,human,treatment,high
10.1097/j.pain.0000000000003311,human,treatment,high
10.1097/jcp.0000000000000225,human,treatment,high
10.1097/jcp.0b013e31818b2764,human,treatment,high
10.1097/mat.0000000000000271,human,treatment,high
10.1097/mat.0000000000000622,human,treatment,high
10.1097/mat.0b013e3181f1cc04,human,treatment,high
10.1097/md.0000000000026800,human,treatment,high
10.1097/mat.0b013e3181641b07,human,treatment,high
10.1097/md.0000000000034046,human,treatment,high
10.1097/md.0000000000032317,human,treatment,high
10.1097/md.0000000000039926,human,treatment,high
10.1097/md.0b013e31815b1319,human,treatment,high
10.1097/nen.0b013e3180517b5f,animal,not_applicable,high
10.1097/wnf.0000000000000070,human,treatment,high
10.1097/nrl.0000000000000552,human,treatment,high
10.1097/wnf.0000000000000072,human,treatment,high
10.1097/wnf.0b013e31804c780e,human,not_applicable,high
10.1097/wnf.0000000000000203,human,treatment,high
10.1097/wnf.0b013e31805930c2,human,treatment,high
10.1097/wnf.0b013e31815a3eec,human,treatment,high
10.1097/wnf.0b013e3181b3ab16,human,treatment,high
10.1097/wnf.0b013e3181fd82a1,human,treatment,high
10.1097/wnf.0b013e3182087d48,human,treatment,high
10.1097/wnf.0b013e31818f1125,human,treatment,high
10.1097/wnf.0b013e31824c1c3f,human,treatment,high
10.1097/wnf.0b013e318259eac8,human,treatment,high
10.1097/wnf.0b013e3182746a5b,human,treatment,high
10.1097/wnp.0b013e31815a0038,human,treatment,high
10.1097/yct.0000000000000695,human,treatment,high
10.1111/1744-9987.13987,human,treatment,high
10.1111/1744-9987.13802,human,treatment,high
10.1111/ane.12890,human,treatment,high
10.1111/ane.13075,human,treatment,high
10.1111/aphw.12183,human,treatment,high
10.1111/ane.13213,human,treatment,high
10.1111/apa.12173,human,treatment,high
10.1111/ene.12001,human,treatment,high
10.1111/ene.12286,human,treatment,high
10.1111/hdi.70031,human,treatment,high
10.1111/hdi.12978,human,treatment,high
10.1111/j.0954-6820.1985.tb08851.x,human,treatment,high
10.1111/j.1365-2044.2007.05246.x,human,treatment,high
10.1111/iju.70036,human,treatment,high
10.1111/j.1365-2710.2009.01051.x,human,treatment,high
10.1111/j.1423-0410.2010.01368.x,human,prevention,high
10.1111/j.1440-1819.2008.01879.x,human,treatment,high
10.1111/j.1440-1819.1992.tb00548.x,human,treatment,high
10.1111/j.1440-1819.2009.02053.x,human,not_applicable,high
10.1111/j.1440-1819.2011.02212.x,human,treatment,high
10.1111/j.1468-1331.2006.01459.x,human,treatment,high
10.1111/j.1468-1331.2004.00960.x,human,treatment,high
10.1111/j.1468-1331.2008.02526.x,human,not_applicable,high
10.1111/j.1468-1331.2012.03719.x,human,treatment,high
10.1111/j.1524-4725.1995.tb00183.x,human,treatment,high
10.1111/j.1469-8749.2010.03619.x,human,treatment,high
10.1111/j.1532-5415.1971.tb01557.x,human,treatment,high
10.1111/j.1600-0404.1999.tb00732.x,human,treatment,high
10.1111/j.1600-0404.1984.tb07826.x,human,treatment,high
10.1111/j.1600-0404.2006.00669.x,human,treatment,high
10.1111/j.1600-0404.2007.00796.x,human,treatment,high
10.1111/j.1600-0404.2012.01707.x,human,treatment,high
10.1111/jgh.15803,human,treatment,high
10.1111/j.1600-0447.1991.tb05581.x,human,treatment,high
10.1111/jnu.12738,human,treatment,high
10.1111/jsr.13216,animal,treatment,high
10.1111/jsr.13794,human,treatment,high
10.1111/jsr.14066,human,treatment,high
10.1111/jsr.14167,human,treatment,high
10.1111/jsr.12053,human,not_applicable,high
10.1111/jsr.14303,human,treatment,high
10.1111/jsr.14311,human,treatment,high
10.1111/jsr.14389,human,treatment,high
10.1111/liv.12035,human,treatment,high
10.1111/ncn3.12594,human,not_applicable,high
10.1111/ner.13532,human,treatment,high
10.1111/papr.13349,human,treatment,high
10.1111/pcn.13184,human,treatment,high
10.1111/ner.13462,human,treatment,high
10.1111/pcn.12095,human,treatment,high
10.1111/psyg.12043,human,treatment,high
10.1111/trf.12061,human,not_applicable,high
10.1111/psyg.70049,human,treatment,high
10.1111/sdi.70014,human,treatment,high
10.1136/archdischild-2015-308599.308,human,treatment,high
10.1136/bcr-2014-206679,human,treatment,high
10.1136/bcr-2020-240686,human,treatment,high
10.1136/bcr-2023-255700,human,treatment,high
10.1136/bmj.288.6415.444,human,treatment,high
10.1136/bmj.330.7487.330,human,treatment,high
10.1136/bmj.d8347,human,treatment,high
10.1136/bmjspcare-2014-000691,human,treatment,high
10.1136/bmjresp-2023-bssconf.13,human,treatment,high
10.1136/jnnp.2003.034843,human,treatment,high
10.1136/jnnp.2005.075671,human,treatment,high
10.1136/jnnp.2008.152652,human,treatment,high
10.1136/jnnp.2008.147397,human,treatment,high
10.1136/jnnp.2007.138867,human,treatment,high
10.1136/jnnp.53.6.522,human,not_applicable,high
10.1136/pgmj.69.815.701,human,treatment,high
10.1155/2012/294058,human,treatment,high
10.1155/2012/893681,human,treatment,high
10.1155/2013/628142,human,treatment,high
10.1155/2015/343201,human,treatment,high
10.1159/000008138,human,treatment,high
10.1155/crnm/1198600,human,treatment,high
10.1155/2022/7330308,human,treatment,high
10.1159/000026658,human,treatment,high
10.1159/000026659,human,treatment,high
10.1159/000058050,human,treatment,high
10.1159/000077943,human,treatment,high
10.1159/000072882,human,treatment,high
10.1159/000099947,human,treatment,high
10.1159/000114904,human,treatment,high
10.1159/000228261,human,treatment,high
10.1159/000116643,human,treatment,high
10.1159/000322289,human,treatment,high
10.1159/000354408,other,not_applicable,high
10.1159/000494737,human,treatment,high
10.1159/000518911,human,treatment,high
10.1159/000508803,human,treatment,high
10.11604/pamj.2021.38.318.28836,human,not_applicable,high
10.1161/atvb.36.suppl_1.331,human,treatment,high
10.1161/jaha.120.018674,human,treatment,high
10.1176/ajp.141.8.993,human,treatment,high
10.1161/res.119.suppl_1.232,human,treatment,high
10.1176/appi.neuropsych.12120394,human,not_applicable,high
10.1176/pn.47.10.psychnews_47_10_18-a,human,treatment,high
10.1177/0091270012439209,human,treatment,high
10.1177/001857870003500604,human,treatment,high
10.1177/1054773810388557,human,treatment,high
10.1177/0091270009338481,human,treatment,high
10.1177/106002809402800711,human,treatment,high
10.1177/1756286418759973,human,treatment,high
10.1177/2045125316672133,human,treatment,high
10.1177/2333794x19884816,human,treatment,high
10.1177/21501327211019590,human,treatment,high
10.1179/1753615412y.0000000011,human,treatment,high
10.1182/blood.v120.21.2283.2283,human,treatment,high
10.1185/030079906x132442,human,treatment,high
10.1185/03007995.2012.746217,human,treatment,high
10.1185/03007995.2013.841666,human,not_applicable,high
10.1185/03007995.2015.1103216,human,treatment,high
10.1186/1471-2369-14-194,human,treatment,high
10.1186/1471-2377-10-86,human,treatment,high
10.1186/1471-2377-12-106,human,treatment,high
10.1186/1472-6882-12-s1-o55,human,treatment,high
10.1186/1472-6882-12-s1-p212,human,treatment,high
10.1186/1752-1947-4-286,human,treatment,high
10.1186/1752-1947-4-306,human,treatment,high
10.1186/s10194-025-01976-7,human,treatment,high
10.1186/s12877-025-05724-z,human,treatment,high
10.1186/s12879-021-06683-7,human,not_applicable,high
10.1186/s12882-021-02455-2,human,treatment,high
10.1186/s12883-023-03462-6,human,treatment,high
10.1186/s12888-024-05763-7,human,not_applicable,high
10.1186/s12883-020-01875-1,human,not_applicable,high
10.1186/s12906-022-03814-8,human,treatment,high
10.1212/01.wnl.0000113752.14744.15,human,treatment,high
10.1186/s40734-015-0018-3,human,treatment,high
10.1212/01.wnl.0000120672.94060.f1,human,treatment,high
10.1212/01.wnl.0000124465.20878.84,human,treatment,high
10.1186/s12905-024-03159-z,human,treatment,high
10.1212/01.wnl.0000237742.08297.22,human,treatment,high
10.1212/01.wnl.0000147297.51023.c8,human,treatment,high
10.1212/01.wnl.0000243244.07887.01,human,treatment,high
10.1212/01.wnl.0000252368.25106.b6,human,treatment,high
10.1212/01.wnl.0000310984.45538.89,human,treatment,high
10.1212/01.wnl.0000341770.91926.cc,human,treatment,high
10.1212/01.wnl.0000325994.93782.a1,human,treatment,high
10.1212/cpj.0000000000000276,human,treatment,high
10.1212/wnl.0000000000000454,human,not_applicable,high
10.1212/wnl.0000000000002327,human,treatment,high
10.1212/wnl.0000000000002649,human,treatment,high
10.1212/wnl.0000000000200595,human,treatment,high
10.1212/wnl.0000000000006175,human,treatment,high
10.1212/wnl.0000000000201772,human,treatment,high
10.1212/wnl.0b013e3181e1ce73,human,treatment,high
10.1212/wnl.0000000000206855,human,treatment,high
10.1212/wnl.0b013e3182242d91,human,treatment,high
10.1212/wnl.0b013e318230207a,human,not_applicable,high
10.1212/wnl.0b013e31826b96e4,human,treatment,high
10.1212/wnl.0b013e318278b5e7,human,treatment,high
10.1212/wnl.35.1.130,human,treatment,high
10.1212/wnl.36.10.1363,human,treatment,high
10.1212/wnl.47.6.1435,human,not_applicable,high
10.1212/wnl.38.12.1845,human,treatment,high
10.1212/wnl.51.1.311-b,human,treatment,high
10.1212/wnl.51.3.912,human,not_applicable,high
10.1212/wnl.51.4.1221,human,treatment,high
10.1212/wnl.51.6.1599,human,treatment,high
10.1212/wnl.52.2.285,human,treatment,high
10.1212/wnl.52.5.938,human,treatment,high
10.1212/wnl.52.5.944,human,treatment,high
10.1212/wnl.57.9.1717,human,treatment,high
10.1212/wnl.63.12.e21,human,treatment,high
10.1212/wnl.55.10.1589,human,treatment,high
10.1212/wnl.56.10.1399,human,treatment,high
10.1212/wnl.80.7_supplement.p02.059,human,treatment,high
10.1212/wnl.80.7_supplement.p02.060,human,treatment,high
10.1212/wnl.82.10_supplement.i3-1.009,human,treatment,high
10.1212/wnl.82.10_supplement.p5.266,human,treatment,high
10.1212/wnl.80.7_supplement.p02.067,human,treatment,high
10.1212/wnl.82.10_supplement.p5.268,human,treatment,high
10.1212/wnl.82.10_supplement.p5.288,human,treatment,high
10.1212/wnl.82.10_supplement.p5.289,human,treatment,high
10.1212/wnl.82.10_supplement.p5.290,human,treatment,high
10.1212/wnl.84.14_supplement.p7.296,human,treatment,high
10.1212/wnl.84.14_supplement.p7.295,human,treatment,high
10.1212/wnl.84.14_supplement.p7.298,human,treatment,high
10.1212/wnl.84.14_supplement.p7.300,human,treatment,high
10.1212/wnl.84.14_supplement.p7.304,human,treatment,high
10.1212/wnl.88.16_supplement.p3.029,human,treatment,high
10.1213/01.ane.0000159376.47974.71,human,treatment,high
10.1213/xaa.0000000000001007,human,treatment,high
10.1227/01.neu.0000311089.04014.91,human,treatment,high
10.1227/01.neu.0000325674.02282.cc,human,treatment,high
10.1212/wnl.84.14_supplement.p7.299,human,treatment,high
10.1249/00005768-200505001-00665,human,treatment,high
10.1249/01.mss.0000402524.14521.c7,human,treatment,high
10.1249/01.mss.0000535256.72075.f3,human,treatment,high
10.1258/phleb.2007.007051,human,treatment,high
10.12659/msm.900520,human,treatment,high
10.12669/pjms.40.5.8400,human,treatment,high
10.12890/2022_003398,human,treatment,high
10.12681/eadd/23198,human,treatment,high
10.12890/2025_005698,human,treatment,high
10.12968/ijtr.2017.0132,human,treatment,high
10.13078/jksrs.14004,human,treatment,high
10.12998/wjcc.v13.i25.108244,human,treatment,high
10.13078/jsm.240003,human,treatment,high
10.13078/jsm.18005,human,treatment,high
10.1345/aph.1l035,human,treatment,high
10.1345/aph.18024,human,treatment,high
10.13078/jsm.17006,human,treatment,high
10.1345/aph.1m183,human,treatment,high
10.1358/dot.2006.42.1.932510,human,treatment,high
10.13703/j.0255-2930.20190323-k0001,human,treatment,high
10.13703/j.0255-2930.2016.06.011,human,treatment,high
10.1371/journal.pone.0174793,human,not_applicable,high
10.1371/journal.pone.0173535,human,treatment,high
10.1371/journal.pone.0155835,human,treatment,high
10.1371/journal.pone.0230951,human,treatment,high
10.1378/chest.08-1665,human,treatment,high
10.14260/jemds/2019/399,human,treatment,high
10.14309/00000434-200809001-00277,human,treatment,high
10.14401/kasmed.2013.20.1.035,human,treatment,high
10.14309/00000434-200809001-00268,human,not_applicable,high
10.14442/general.15.52,human,treatment,high
10.1515/jcim-2014-0069,human,treatment,high
10.1515/med-2024-1125,human,treatment,high
10.14710/nmjn.v12i3.46307,human,treatment,high
10.1515/jcim-2020-0121,human,treatment,high
10.1517/14656566.2013.758251,human,treatment,high
10.1517/14656566.3.10.1481,human,treatment,high
10.15171/jrip.2017.22,human,treatment,high
10.15171/jrip.2019.20,human,treatment,high
10.15171/npj.2018.22,human,treatment,high
10.15406/ogij.2020.11.00495,human,treatment,high
10.15171/npj.2018.27,human,treatment,high
10.15406/ppij.2016.04.00079,human,treatment,high
10.1542/pir.27.6.231,human,treatment,high
10.1590/1806-9282.20240145,human,treatment,high
10.1590/s0004-282x2002000600027,human,treatment,high
10.1590/s1807-59322011001100017,human,not_applicable,high
10.16965/ijpr.2017.176,human,treatment,high
10.17241/smr.2018.00171,human,treatment,high
10.17049/jnursology.1457904,human,not_applicable,high
10.17340/jkna.2018.2.11,human,treatment,high
10.17816/nb65268,human,treatment,high
10.17795/nmsjournal29617,human,treatment,high
10.17942/sted.884979,human,both,high
10.18071/isz.78.0037,human,treatment,high
10.18203/2320-6012.ijrms20161779,human,treatment,high
10.18773/austprescr.2008.011,human,treatment,high
10.17241/smr.2025.02838,human,treatment,high
10.19044/esj.2018.v14n30p371,human,treatment,high
10.19161/etd.1382369,human,treatment,high
10.19540/j.cnki.cjcmm.20180115.001,human,treatment,high
10.20515/otd.1233819,human,treatment,high
10.20944/preprints202404.0825.v1,human,treatment,high
10.20969/vskm.2025.18(2).24-28,human,treatment,high
10.21203/rs.3.rs-4155296/v1,human,treatment,high
10.21203/rs.3.rs-2129070/v1,human,not_applicable,high
10.21203/rs.3.rs-1789947/v1,human,treatment,high
10.21203/rs.3.rs-4192475/v1,human,treatment,high
10.21203/rs.3.rs-8815425/v1,human,treatment,high
10.2147/jprls.s40354,human,treatment,high
10.2147/dhps.s67328,human,treatment,high
10.2147/jprls.s40358,human,treatment,high
10.2147/jprls.s40804,human,treatment,high
10.2147/jprls.s47648,human,treatment,high
10.2147/jprls.s58556,human,treatment,high
10.2147/jprls.s53015,human,treatment,high
10.2147/jprls.s77560,human,treatment,high
10.2147/nss.s421189,human,treatment,high
10.2147/nss.s528340,human,treatment,high
10.2147/nss.s448579,human,treatment,high
10.2147/nss.s532626,human,treatment,high
10.21608/asnj.2025.336528.1951,human,treatment,high
10.21608/ejhc.2022.249361,human,treatment,high
10.2165/00023210-200721050-00008,human,treatment,high
10.21608/ejhm.2025.422606,human,treatment,high
10.2165/00023210-200822100-00001,human,treatment,high
10.2165/11634870-000000000-00000,human,treatment,high
10.2169/internalmedicine.45.1555,human,treatment,high
10.2169/internalmedicine.51.6853,human,treatment,high
10.2169/internalmedicine.55.6815,human,treatment,high
10.2169/internalmedicine.52.9013,human,treatment,high
10.2169/naika.78.1462,human,not_applicable,high
10.2174/0118746136268741240328062217,human,treatment,high
10.2174/1874205x01509010004,human,treatment,high
10.22038/ebcj.2020.51306.2366,human,treatment,high
10.22038/ijogi.2020.16880,human,treatment,high
10.22246/jikm.2016.37.5.717,human,treatment,high
10.2215/cjn.10451110,human,treatment,high
10.22246/jikm.2018.39.2.116,human,treatment,high
10.22246/jikm.2019.40.2.270,human,treatment,high
10.22246/jikm.2023.44.2.146,human,treatment,high
10.22399/ijcesen.1243,human,treatment,high
10.22365/jpsych.2016.273.222,human,not_applicable,high
10.22541/au.162935801.10999591/v1,human,treatment,high
10.2344/anpr-67-02-10,human,treatment,high
10.22541/au.167368683.36924943/v1,human,treatment,high
10.23736/s0031-0808.20.04046-x,human,prevention,high
10.23937/2572-3243.1510078,human,treatment,high
10.24198/jkp.v5i1.349,human,treatment,high
10.24966/crts-310x/100020,human,treatment,high
10.24252/join.v3i2.3673,human,treatment,high
10.24966/csmc-8801/1000179,human,treatment,high
10.2512/jspm.6.344,human,treatment,high
10.25236/bemes.2018.021,human,treatment,high
10.25419/rcsi.12764993.v2,human,treatment,high
10.26180/5d13f3e1a5784,human,treatment,high
10.29252/ijn.27.90.91.94,human,treatment,high
10.29271/jcpsp.2019.04.309,human,treatment,high
10.29252/qums.12.8.48,human,treatment,high
10.29399/npa.27827,human,treatment,high
10.29407/judika.v9i2.27428,human,treatment,high
10.30621/jbachs.1277737,human,treatment,high
10.30773/pi.2017.08.21,human,treatment,high
10.30978/unj2018-3-46,human,treatment,high
10.31004/prepotif.v9i2.41376,human,treatment,high
10.3109/00207454.2011.602774,human,treatment,high
10.3109/00207458708987132,human,treatment,high
10.25259/jnrp_226_2025,human,treatment,high
10.3109/00207458809000489,human,treatment,high
10.3109/07853890.2015.1025825,human,treatment,high
10.3109/09593985.2010.502210,human,treatment,high
10.3109/08039489709109095,human,treatment,high
10.3109/09593985.2015.1087613,human,treatment,high
10.3109/09593985.2010.511440,human,treatment,high
10.3121/cmr.2018.1389,human,treatment,high
10.3122/jabfm.19.5.487,human,treatment,high
10.3122/jabfm.2011.04.100173,human,treatment,high
10.3122/jabfm.2018.05.180065,human,treatment,high
10.31450/ukrjnd.4(84).2024.10,human,treatment,high
10.31579/2690-8794/105,human,treatment,high
10.32598/cmja.12.2.1162.1,human,treatment,high
10.31579/2835-785x/095,human,treatment,high
10.32598/jccnc.4.2.96,human,treatment,high
10.3321/j.issn:1006-7876.2008.06.014,human,treatment,high
10.3346/jkms.2008.23.3.533,human,treatment,high
10.3345/kjp.2008.51.11.1222,human,treatment,high
10.33653/jkp.v6i2.283,human,treatment,high
10.33755/jkk.v12i1.955,human,treatment,high
10.3389/fmed.2025.1571045,human,treatment,high
10.3389/fmed.2025.1607307,human,treatment,high
10.3389/fmed.2025.1725747,human,treatment,high
10.3389/fneur.2017.00287,human,treatment,high
10.3389/fneur.2019.00457,human,treatment,high
10.3389/fneur.2021.786408,human,treatment,high
10.3389/fneur.2023.1219881,human,treatment,high
10.3389/fnhum.2026.1723992,human,treatment,high
10.3389/fnins.2017.00722,animal,not_applicable,high
10.3389/fpsyt.2023.1254936,human,treatment,high
10.3389/fnins.2024.1333188,human,treatment,high
10.3390/geriatrics6040099,human,treatment,high
10.3390/healthcare12161570,human,treatment,high
10.3389/fnins.2020.00873,human,treatment,high
10.3390/jcm15082845,human,treatment,high
10.3390/jcm11061673,human,treatment,high
10.3390/jcm8091403,human,treatment,high
10.3390/jcm8122212,human,treatment,high
10.3390/jcm9124115,human,treatment,high
10.3390/life15081289,human,treatment,high
10.3390/nu12051313,human,treatment,high
10.3390/toxins10100401,human,treatment,high
10.34172/jnp.2020.25,human,treatment,high
10.36590/kepo.v6i1.1184,human,treatment,high
10.35248/2167-0277.20.9.318,human,treatment,high
10.36948/ijfmr.2024.v06i04.24569,human,treatment,high
10.37063/jurnalantarakeperawatan.v3i3.396,human,treatment,high
10.3727/036012921x16164310686833,human,treatment,high
10.37551/s2254-28842021037,human,treatment,high
10.3760/cma.j.issn.1006-7876.2012.09.002,human,treatment,high
10.3760/cma.j.issn.1001-7097.2017.10.004,human,treatment,high
10.3760/cma.j.issn.1671-8925.2010.04.019,human,treatment,high
10.3760/cma.j.issn.1008-6315.2001.11.017,human,treatment,high
10.3760/cma.j.issn.1672-7088.2010.10.011,human,treatment,high
10.3760/cma.j.issn.1673-4351.2014.07.018,human,treatment,high
10.3760/cma.j.issn.1673-4238.2013.01.010,human,treatment,high
10.3777/jjsam.69.210,human,treatment,high
10.37848/jurnal.v5i1.19,human,treatment,high
10.3822/ijtmb.v15i2.705,human,treatment,high
10.3844/amjsp.2011.104.110,human,treatment,high
10.3923/ijp.2025.131.137,human,treatment,high
10.3937/kampomed.71.362,human,treatment,high
10.3937/kampomed.66.307,human,treatment,high
10.3988/jcn.2013.9.1.51,human,treatment,high
10.3988/jcn.2025.0092,human,treatment,high
10.3988/jcn.2017.13.4.340,human,treatment,high
10.4009/jsdt.44.1155,human,treatment,high
10.4009/jsdt.36.207,human,treatment,high
10.4009/jsdt.47.145,human,treatment,high
10.4065/73.6.497,human,treatment,high
10.4021/jmc901w,human,treatment,high
10.4065/78.1.52,human,treatment,high
10.4065/81.1.17,human,treatment,high
10.4065/mcp.2009.0700,human,treatment,high
10.4067/s0034-98872016001200007,human,treatment,high
10.4067/s0034-98872019001201569,human,treatment,high
10.4081/reumatismo.2023.1557,human,not_applicable,high
10.4088/jcp.v68n0423c,human,treatment,high
10.4103/0253-7176.127262,human,treatment,high
10.4103/0256-4947.51779,human,not_applicable,high
10.4103/0366-6999.159344,human,treatment,high
10.4103/0972-2327.194424,human,treatment,high
10.4103/0976-3147.105625,human,treatment,high
10.4103/1319-2442.152417,human,treatment,high
10.4103/1735-9066.180381,human,treatment,high
10.4103/ijcm.ijcm_914_22,human,treatment,high
10.4088/jcp.v60n0407,human,treatment,high
10.4103/ijnmr.ijnmr_133_18,human,treatment,high
10.4103/jfmpc.jfmpc_640_20,human,treatment,high
10.4103/jmedsci.jmedsci_201_24,human,treatment,high
10.4103/jmh.jmh_25_18,human,treatment,high
10.4103/jmh.jmh_26_18,human,treatment,high
10.4103/jpbs.jpbs_937_24,human,treatment,high
10.4103/nsn.nsn_221_20,human,treatment,high
10.4103/neurol-india.neurol-india-d-25-00070,human,treatment,high
10.4172/2161-0959.1000128,human,treatment,high
10.4149/bll_2015_077,human,treatment,high
10.4254/wjh.v10.i3.379,human,treatment,high
10.4274/jmsr.galenos.2024.2024-2-1,human,treatment,high
10.4274/jtsm.018,human,not_applicable,high
10.4274/tftr.27122,human,treatment,high
10.4306/pi.2009.6.4.313,human,treatment,high
10.4306/pi.2014.11.2.204,human,treatment,high
10.4324/9781315754093.ch21,human,treatment,high
10.4414/smw.2011.13274,human,treatment,high
10.46570/utjms-2025-1369,human,treatment,high
10.46393/27132129_2024_2_78,human,treatment,high
10.47671/tvg.79.23.012,human,treatment,high
10.5114/areh.2025.154337,human,treatment,high
10.51321/jskmcp.2020.20.1.53,human,treatment,high
10.51642/ppmj.v34i04.590,human,treatment,high
10.52783/jchr.v15.i6.10944,human,treatment,high
10.52768/3067-3852/1032,human,treatment,high
10.5281/zenodo.6892050,human,treatment,high
10.5281/zenodo.7826121,human,treatment,high
10.53730/ijhs.v6ns6.13109,human,treatment,high
10.5336/medsci.2021-84596,human,treatment,high
10.53846/goediss-10081,human,treatment,high
10.54029/2022exz,human,treatment,high
10.5414/cpp49109,human,not_applicable,high
10.54393/pbmj.v5i3.339,human,treatment,high
10.54393/pjhs.v4i06.888,human,treatment,high
10.54393/pbmj.v9i1.1328,human,treatment,high
10.5455/bcp.20131105021804,human,treatment,high
10.5472/marumj.1479815,human,treatment,high
10.5468/kjog.2010.53.10.940,human,treatment,high
10.5505/epilepsi.2013.39205,human,not_applicable,high
10.5505/amj.2020.02703,human,treatment,high
10.5580/1b1f,human,treatment,high
10.5664/jcsm.10152,human,treatment,high
10.5662/wjm.v15.i1.97171,human,not_applicable,high
10.5664/jcsm.1074,human,treatment,high
10.5664/jcsm.10536,human,treatment,high
10.5664/jcsm.11206,human,treatment,high
10.5664/jcsm.11846,human,treatment,high
10.5664/jcsm.2036,human,not_applicable,high
10.5664/jcsm.3092,human,treatment,high
10.5664/jcsm.2168,human,prevention,high
10.5664/jcsm.3964,human,treatment,high
10.5664/jcsm.4290,human,treatment,high
10.5664/jcsm.5920,human,treatment,high
10.5664/jcsm.7400,human,treatment,high
10.5664/jcsm.7810,human,treatment,high
10.5664/jcsm.7908,human,treatment,high
10.5664/jcsm.7766,human,treatment,high
10.5664/jcsm.8134,human,treatment,high
10.5664/jcsm.8060,human,treatment,high
10.5664/jcsm.8696,human,treatment,high
10.5664/jcsm.9404,human,treatment,high
10.5664/jcsm.8756,human,treatment,high
10.5664/jcsm.9874,human,treatment,high
10.5664/jcsm.9690,human,treatment,high
10.5692/clinicalneurol.50.385,human,treatment,high
10.5665/sleep.3558,human,treatment,high
10.5692/clinicalneurol.cn-001048,human,treatment,high
10.5692/clinicalneurol.cn-001176,human,treatment,high
10.5812/asjsm.31001,human,treatment,high
10.5812/jjnpp.62178,human,treatment,high
10.5812/numonthly.119463,human,treatment,high
10.58355/dirosat.v1i4.42,human,treatment,high
10.59736/ijp.23.02.952,human,treatment,high
10.60147/f62a1452,human,treatment,high
10.5937/engrami1402091s,human,treatment,high
10.6018/sportk.512761,human,treatment,high
10.6061/clinics/2013(04)06,human,treatment,high
10.61186/sjku.29.4.49,human,treatment,high
10.61919/jhrr.v4i2.807,human,treatment,high
10.64252/tkx42w69,human,treatment,high
10.61919/jhrr.v3i2.248,human,treatment,high
10.70332/jkp.v1i1.6,human,treatment,high
10.69980/ajpr.v28i1.77,human,treatment,high
10.7176/jhmn/68-10,human,treatment,high
10.7231/jon.2015.26.4.357,human,treatment,high
10.7326/acpjc-2000-132-1-024,human,treatment,high
10.7556/jaoa.2016.088,human,treatment,high
10.7243/2052-6946-5-1,human,treatment,high
10.7759/cureus.105315,human,treatment,high
10.7759/cureus.12034,human,treatment,high
10.7759/cureus.20775,human,treatment,high
10.7759/cureus.32805,human,treatment,high
10.64898/2025.12.26.696558,human,treatment,high
10.7759/cureus.57354,human,not_applicable,high
10.7759/cureus.4368,human,treatment,high
10.7759/cureus.78159,human,treatment,high
10.7759/cureus.91241,human,treatment,high
10.7916/d8m61j0p,human,treatment,high
10.7916/d8348j3b,human,treatment,high
10.7730/jscm.2015.27.4.419,human,treatment,high
10.9758/cpn.22.1021,human,treatment,high
10.7916/d8xd10d9,human,treatment,high
pmid_10416230,human,treatment,high
10.9758/cpn.25.1316,human,treatment,high
pmid_10696651,human,treatment,high
pmid_10697985,human,treatment,medium
pmid_10811379,human,treatment,high
pmid_10947026,human,treatment,high
pmid_12462942,human,treatment,high
pmid_12166546,human,treatment,high
pmid_12841721,human,treatment,high
pmid_14651138,human,treatment,high
pmid_15168262,human,treatment,high
pmid_15283013,human,treatment,high
pmid_14707315,human,treatment,high
pmid_11808358,human,treatment,high
pmid_15467992,human,treatment,high
pmid_15565533,human,treatment,high
pmid_15662897,human,treatment,high
pmid_16318146,human,treatment,high
pmid_17128523,human,treatment,high
pmid_17432089,human,treatment,high
pmid_17511286,human,treatment,high
pmid_17557494,human,treatment,high
pmid_17561538,human,treatment,high
pmid_18189076,human,treatment,high
pmid_17948213,human,treatment,high
pmid_17557456,human,not_applicable,high
pmid_18257184,human,treatment,high
pmid_18516284,human,treatment,high
pmid_18788648,human,treatment,high
pmid_19039990,human,treatment,high
pmid_19284179,human,treatment,high
pmid_19603292,human,not_applicable,high
pmid_20120624,human,treatment,high
pmid_2046771,human,treatment,high
pmid_21089214,human,treatment,high
pmid_20957852,human,treatment,high
pmid_2194708,human,not_applicable,high
pmid_21948008,human,not_applicable,high
pmid_23156076,human,treatment,high
pmid_23094294,human,treatment,high
pmid_23852842,human,treatment,high
pmid_24247058,human,treatment,high
pmid_2507405,human,treatment,high
pmid_25532586,human,treatment,high
pmid_27280102,human,treatment,high
pmid_2928741,human,treatment,high
pmid_22737548,human,treatment,high
pmid_30090683,human,treatment,high
pmid_31249480,human,treatment,high
pmid_3344406,human,not_applicable,high
pmid_2929037,human,treatment,high
pmid_3557297,human,treatment,high
pmid_38518173,human,treatment,high
pmid_8588396,human,treatment,high
pmid_8259469,human,treatment,high
pmid_3946115,human,treatment,high
pmid_7063822,human,treatment,high
pmid_8723378,human,treatment,high
pmid_9538563,human,treatment,high
pmid_953882,human,treatment,high
pmid_9340624,human,treatment,high
