doi,study_design,confidence
10.1001/archneur.1982.00510230065027,case_series,high
10.1001/archneur.61.9.1393,observational,high
10.1001/archneur.57.5.729,case_series,high
10.1001/archneur.1990.00530110083021,case_series,high
10.1002/14651858.cd005504.pub2,other,high
10.1002/ajh.23820,case_series,high
10.1002/14651858.cd006941.pub2,rct,high
10.1002/1531-8257(199901)14:1<138::aid-mds1023>3.0.co;2-a,non_randomized_trial,high
10.1002/1531-8257(200003)15:2<324::aid-mds1020>3.0.co;2-4,non_randomized_trial,high
10.1002/ana.23565,rct,high
10.1002/ajh.27290,rct,high
10.1002/ccr3.1619,case_series,high
10.1002/ana.410240318,crossover,high
10.1002/cca.2515,rct,high
10.1002/ccr3.2144,case_series,high
10.1002/dat.20348,case_series,high
10.1002/jgf2.338,case_series,high
10.1002/mdc3.12039,case_series,high
10.1002/mdc3.12594,case_series,high
10.1002/mdc3.13833,non_randomized_trial,high
10.1002/mdc3.12299,case_series,high
10.1002/mds.10080,case_series,high
10.1002/mds.10231,case_series,high
10.1002/mds.10503,non_randomized_trial,high
10.1002/mds.1104,case_series,high
10.1002/mds.1141,non_randomized_trial,high
10.1002/mds.1214,case_series,high
10.1002/mds.20219,case_series,high
10.1002/mds.1214.abs,case_series,high
10.1002/mds.20251,rct,high
10.1002/mds.20257,rct,high
10.1002/mds.20349,case_series,high
10.1002/mds.20359,case_series,high
10.1002/mds.20677,case_series,high
10.1002/mds.20911,case_series,high
10.1002/mds.20969,non_randomized_trial,high
10.1002/mds.20983,non_randomized_trial,high
10.1002/mds.21050,rct,high
10.1002/mds.21261,rct,high
10.1002/mds.21342,case_series,high
10.1002/mds.21401,rct,high
10.1002/mds.21882,observational,high
10.1002/mds.22562,rct,high
10.1002/mds.23157,rct,high
10.1002/mds.22436,non_randomized_trial,high
10.1002/mds.23543,non_randomized_trial,high
10.1002/mds.22753,observational,high
10.1002/mds.23771,crossover,high
10.1002/mds.25154,case_series,high
10.1002/mds.27040,rct,high
10.1002/mds.24889,non_randomized_trial,high
10.1002/mds.27644,case_series,high
10.1002/mds.28224,rct,high
10.1002/mds.28668,crossover,high
10.1002/mds.28903,observational,high
10.1002/mds.870130333,non_randomized_trial,high
10.1002/pcn5.213,case_series,high
10.1002/mds.22016,case_series,high
10.1002/pds.5596,observational,high
10.1002/pds.5852,observational,high
10.1002/pu.20213,unclear,low
10.1007/bf01037942,crossover,high
10.1007/bf01253608,case_series,high
10.1002/mus.20427,non_randomized_trial,high
10.1007/bf01277664,crossover,high
10.1007/s00268-013-2185-4,observational,high
10.1007/s00384-018-3032-8,non_randomized_trial,high
10.1007/s00406-002-0380-7,crossover,high
10.1007/s00415-004-0367-6,crossover,high
10.1007/s00391-015-0984-y,observational,high
10.1007/s00415-009-5299-8,non_randomized_trial,high
10.1007/s00415-010-5644-y,non_randomized_trial,high
10.1007/s00415-010-5879-7,rct,high
10.1007/s00702-004-0217-9,case_series,high
10.1007/s00702-005-0386-1,case_series,high
10.1007/s00702-003-0814-z,crossover,high
10.1007/s00702-009-0361-3,rct,high
10.1007/s007020050055,case_series,medium
10.1007/s10047-019-01100-y,case_series,high
10.1007/s10047-020-01164-1,case_series,high
10.1007/s10072-013-1478-6,non_randomized_trial,high
10.1007/s10072-014-1653-4,crossover,high
10.1007/s10072-018-3456-5,observational,high
10.1007/s10072-023-06733-9,case_series,high
10.1007/s10072-021-05667-4,case_series,high
10.1007/s10072-024-07342-w,observational,high
10.1007/s10157-011-0485-2,observational,high
10.1007/s10072-025-08677-8,case_series,high
10.1007/s10620-007-0021-0,case_series,high
10.1007/s10620-009-0943-9,observational,high
10.1007/s11325-014-1041-6,observational,high
10.1007/s11325-014-1049-y,non_randomized_trial,high
10.1007/s11325-018-1619-5,non_randomized_trial,high
10.1007/s11325-018-1751-2,rct,high
10.1007/s11325-019-01984-3,non_randomized_trial,high
10.1007/s11325-021-02353-9,observational,high
10.1007/s11695-025-08381-8,non_randomized_trial,high
10.1007/s13760-016-0631-4,observational,high
10.1007/s13318-015-0273-6,non_randomized_trial,high
10.1007/s15006-017-9294-1,observational,high
10.1007/s40263-012-0020-3,rct,high
10.1007/s13760-025-02871-3,observational,high
10.1007/s40263-015-0254-y,rct,high
10.1007/s40263-016-0329-4,rct,high
10.1007/s40261-013-0150-5,non_randomized_trial,high
10.1007/s40263-016-0333-8,rct,high
10.1007/s40263-023-01055-y,crossover,high
10.1007/s40263-016-0372-1,rct,high
10.1007/s40263-025-01192-6,crossover,high
10.1007/s41105-022-00401-9,observational,high
10.1007/s41105-021-00364-3,case_series,high
10.1007/s44337-024-00002-0,case_series,high
10.1007/s44337-025-00545-w,non_randomized_trial,high
10.1016/j.bj.2021.05.005,crossover,high
10.1016/j.bj.2022.06.001,unclear,low
10.1016/j.ajem.2026.03.019,case_series,high
10.1016/j.braindev.2010.09.008,non_randomized_trial,high
10.1016/j.braindev.2018.10.001,case_series,high
10.1016/j.brs.2014.06.008,crossover,high
10.1016/j.clinph.2007.04.001,non_randomized_trial,high
10.1016/j.clinph.2007.04.024,non_randomized_trial,high
10.1016/j.cdtm.2017.08.001,case_series,high
10.1016/j.clinph.2011.05.027,non_randomized_trial,high
10.1016/j.clinthera.2008.02.001,observational,high
10.1016/j.clinthera.2013.06.016,rct,high
10.1016/j.clinthera.2013.10.011,crossover,high
10.1016/j.clinthera.2015.02.012,rct,high
10.1016/j.clinthera.2012.01.002,crossover,high
10.1016/j.clinthera.2016.05.008,rct,high
10.1016/j.ctim.2019.05.009,rct,high
10.1016/j.ctim.2020.102409,rct,high
10.1016/j.curtheres.2007.11.001,case_series,high
10.1016/j.explore.2023.08.017,case_series,high
10.1016/j.explore.2025.103205,rct,high
10.1016/j.explore.2024.05.001,case_series,high
10.1016/j.genhosppsych.2006.10.006,case_series,high
10.1016/j.ijcard.2008.11.177,non_randomized_trial,high
10.1016/j.heliyon.2022.e12258,case_series,high
10.1016/j.ijpsycho.2014.12.005,non_randomized_trial,high
10.1016/j.jamda.2025.105485,rct,high
10.1016/j.jams.2017.08.004,rct,high
10.1016/j.jbmt.2019.06.012,non_randomized_trial,high
10.1016/j.jecr.2023.100143,case_series,high
10.1016/j.jns.2006.06.023,observational,high
10.1016/j.jns.2010.04.003,non_randomized_trial,high
10.1016/j.jns.2012.07.007,case_series,high
10.1016/j.jns.2009.11.010,observational,high
10.1016/j.jns.2013.11.001,non_randomized_trial,high
10.1016/j.jns.2015.01.025,case_series,high
10.1016/j.jbmt.2025.06.015,rct,high
10.1016/j.jns.2016.09.006,rct,high
10.1016/j.jns.2022.120462,case_series,high
10.1016/j.jocn.2015.01.032,observational,high
10.1016/j.jpainsymman.2014.08.010,observational,high
10.1016/j.jvir.2022.12.019,observational,high
10.1016/j.math.2012.11.002,case_series,high
10.1016/j.msard.2021.102836,rct,high
10.1016/j.jocn.2025.111369,case_series,high
10.1016/j.nefro.2017.03.023,non_randomized_trial,high
10.1016/j.msard.2022.104480,rct,high
10.1016/j.nefroe.2017.11.017,non_randomized_trial,high
10.1016/j.neucli.2004.02.002,case_series,high
10.1016/j.neurol.2013.05.001,observational,high
10.1016/j.neurol.2016.12.035,case_series,high
10.1016/j.neurom.2022.10.046,non_randomized_trial,high
10.1016/j.pain.2013.05.007,non_randomized_trial,high
10.1016/j.parkreldis.2007.05.006,observational,high
10.1016/j.parkreldis.2004.10.015,case_series,high
10.1016/j.parkreldis.2010.11.017,non_randomized_trial,high
10.1016/j.parkreldis.2011.10.010,case_series,high
10.1016/j.parkreldis.2014.06.014,case_series,high
10.1016/j.parkreldis.2017.05.015,case_series,high
10.1016/j.parkreldis.2015.10.007,observational,high
10.1016/j.pec.2023.107768,rct,high
10.1016/j.pnpbp.2011.10.009,non_randomized_trial,high
10.1016/j.pnpbp.2010.02.011,non_randomized_trial,high
10.1016/j.pediatrneurol.2004.11.007,case_series,high
10.1016/j.pnpbp.2012.10.012,non_randomized_trial,high
10.1016/j.psychres.2023.115479,observational,high
10.1016/j.sleep.2004.01.007,non_randomized_trial,high
10.1016/j.sleep.2003.07.005,case_series,high
10.1016/j.sleep.2004.05.006,observational,high
10.1016/j.sleep.2004.03.002,non_randomized_trial,high
10.1016/j.sleep.2004.10.012,case_series,high
10.1016/j.sleep.2004.10.014,case_series,high
10.1016/j.sleep.2004.12.002,rct,high
10.1016/j.sleep.2005.05.007,non_randomized_trial,high
10.1016/j.sleep.2005.01.008,non_randomized_trial,high
10.1016/j.sleep.2006.03.011,rct,high
10.1016/j.sleep.2005.06.009,non_randomized_trial,high
10.1016/j.sleep.2006.10.008,non_randomized_trial,high
10.1016/j.sleep.2006.05.018,rct,high
10.1016/j.sleep.2007.03.023,non_randomized_trial,high
10.1016/j.sleep.2007.04.010,rct,high
10.1016/j.sleep.2007.08.017,rct,high
10.1016/j.sleep.2007.07.020,non_randomized_trial,high
10.1016/j.sleep.2007.10.023,case_series,high
10.1016/j.sleep.2006.09.009,non_randomized_trial,high
10.1016/j.sleep.2007.12.006,rct,high
10.1016/j.sleep.2008.04.012,non_randomized_trial,high
10.1016/j.sleep.2008.07.014,case_series,high
10.1016/j.sleep.2008.05.014,rct,high
10.1016/j.sleep.2008.09.001,rct,high
10.1016/j.sleep.2007.12.004,non_randomized_trial,high
10.1016/j.sleep.2008.11.003,rct,high
10.1016/j.sleep.2009.03.009,rct,high
10.1016/j.sleep.2009.05.003,non_randomized_trial,high
10.1016/j.sleep.2009.12.002,case_series,high
10.1016/j.sleep.2009.12.008,non_randomized_trial,high
10.1016/j.sleep.2010.03.003,rct,high
10.1016/j.sleep.2010.02.014,rct,high
10.1016/j.sleep.2010.03.019,non_randomized_trial,high
10.1016/j.sleep.2010.08.005,rct,high
10.1016/j.sleep.2010.12.007,rct,high
10.1016/j.sleep.2010.11.007,rct,high
10.1016/j.sleep.2011.01.008,rct,high
10.1016/j.sleep.2011.03.003,observational,high
10.1016/j.sleep.2011.03.021,rct,high
10.1016/j.sleep.2011.06.009,rct,high
10.1016/j.sleep.2011.08.007,non_randomized_trial,high
10.1016/j.sleep.2011.09.016,non_randomized_trial,high
10.1016/j.sleep.2011.11.010,rct,high
10.1016/j.sleep.2011.12.009,case_series,high
10.1016/j.sleep.2012.02.011,observational,high
10.1016/j.sleep.2012.06.007,case_series,high
10.1016/j.sleep.2012.08.019,non_randomized_trial,high
10.1016/j.sleep.2012.11.001,non_randomized_trial,high
10.1016/j.sleep.2013.02.012,case_series,high
10.1016/j.sleep.2013.05.018,case_series,high
10.1016/j.sleep.2013.02.013,non_randomized_trial,high
10.1016/j.sleep.2010.11.002,observational,high
10.1016/j.sleep.2012.08.004,observational,high
10.1016/j.sleep.2013.06.006,case_series,high
10.1016/j.sleep.2013.07.007,rct,high
10.1016/j.sleep.2014.01.016,case_series,high
10.1016/j.sleep.2014.07.032,rct,high
10.1016/j.sleep.2014.08.012,case_series,high
10.1016/j.sleep.2014.09.015,rct,high
10.1016/j.sleep.2014.12.019,observational,high
10.1016/j.sleep.2014.10.025,non_randomized_trial,high
10.1016/j.sleep.2014.12.029,non_randomized_trial,high
10.1016/j.sleep.2015.03.006,rct,high
10.1016/j.sleep.2015.04.016,non_randomized_trial,high
10.1016/j.sleep.2015.08.006,non_randomized_trial,high
10.1016/j.sleep.2015.05.028,observational,high
10.1016/j.sleep.2015.10.006,observational,high
10.1016/j.sleep.2015.11.002,rct,high
10.1016/j.sleep.2016.01.008,case_series,high
10.1016/j.sleep.2016.05.004,non_randomized_trial,high
10.1016/j.sleep.2016.04.012,non_randomized_trial,high
10.1016/j.sleep.2016.06.021,rct,high
10.1016/j.sleep.2017.03.012,non_randomized_trial,high
10.1016/j.sleep.2017.09.028,non_randomized_trial,high
10.1016/j.sleep.2017.06.023,observational,high
10.1016/j.sleep.2017.11.1139,observational,high
10.1016/j.sleep.2018.02.002,non_randomized_trial,high
10.1016/j.sleep.2018.02.008,non_randomized_trial,high
10.1016/j.sleep.2017.11.1134,rct,high
10.1016/j.sleep.2018.04.001,crossover,high
10.1016/j.sleep.2018.06.004,observational,high
10.1016/j.sleep.2020.02.027,observational,high
10.1016/j.sleep.2018.11.025,crossover,high
10.1016/j.sleep.2019.09.020,non_randomized_trial,high
10.1016/j.sleep.2020.06.002,case_series,high
10.1016/j.sleep.2020.07.011,rct,high
10.1016/j.sleep.2020.10.022,case_series,high
10.1016/j.sleep.2020.07.026,non_randomized_trial,high
10.1016/j.sleep.2021.01.017,observational,high
10.1016/j.sleep.2021.05.036,rct,high
10.1016/j.sleep.2022.08.001,observational,high
10.1016/j.sleep.2021.07.004,rct,high
10.1016/j.sleep.2021.08.030,case_series,high
10.1016/j.sleep.2022.05.003,observational,high
10.1016/j.sleep.2022.09.021,case_series,high
10.1016/j.sleep.2023.11.010,non_randomized_trial,high
10.1016/j.sleep.2023.06.023,rct,high
10.1016/j.sleep.2024.08.004,observational,high
10.1016/j.sleep.2024.08.017,rct,high
10.1016/j.sleep.2024.09.005,crossover,high
10.1016/j.sleep.2025.106634,non_randomized_trial,high
10.1016/j.sleep.2026.108789,rct,high
10.1016/j.sleep.2025.02.045,observational,high
10.1016/j.smrv.2020.101274,other,high
10.1016/j.sleep.2025.106664,case_series,high
10.1016/j.wneu.2016.05.077,case_series,high
10.1016/j.transproceed.2007.03.097,non_randomized_trial,high
10.1016/j.wneu.2024.01.103,non_randomized_trial,high
10.1016/s0002-9343(97)89493-4,case_series,high
10.1016/s0140-6736(86)92135-5,crossover,high
10.1016/s0378-3782(02)00092-0,observational,high
10.1016/s0306-9877(02)00357-2,other,medium
10.1016/s0887-8994(99)00152-6,case_series,high
10.1016/s0987-7053(03)00056-x,non_randomized_trial,high
10.1016/s0924-977x(01)00080-3,non_randomized_trial,medium
10.1016/s1353-8020(00)00041-9,other,high
10.1016/s1389-9457(01)00081-8,case_series,high
10.1016/s1389-9457(01)00116-2,crossover,high
10.1016/s1389-9457(01)00132-0,case_series,high
10.1016/s1389-9457(01)00160-5,case_series,high
10.1016/s1389-9457(03)00165-5,case_series,high
10.1016/s1389-9457(02)00144-2,case_series,high
10.1016/s1474-4422(08)70112-1,rct,high
10.1016/s1474-4422(11)70127-2,non_randomized_trial,high
10.1017/cjn.2016.150,case_series,high
10.1016/s1474-4422(13)70239-4,rct,high
10.1017/s0317167100036350,crossover,high
10.1017/s0317167100010350,case_series,high
10.1017/s1092852919000476,case_series,high
10.1024/2674-0052/a000070,case_series,high
10.1034/j.1399-6576.2002.460121.x,case_series,high
10.1038/jcbfm.2011.201,non_randomized_trial,high
10.1017/s1461145707008310,unclear,low
10.1038/s41598-022-07659-6,observational,high
10.1038/s41394-023-00576-4,case_series,high
10.1038/sc.2010.164,case_series,high
10.1038/sc.1996.53,non_randomized_trial,high
10.1038/scsandc.2016.22,case_series,high
10.1046/j.1440-1819.1999.00522.x,case_series,high
10.1046/j.1468-1331.2000.0070s1027.x,case_series,high
10.1053/ajkd.2001.25202,crossover,high
10.1053/j.ajkd.2003.11.021,rct,high
10.1053/j.ajkd.2015.12.027,rct,high
10.1053/j.ajkd.2009.04.034,non_randomized_trial,high
10.1055/s-0028-1086647,observational,high
10.1055/s-0029-1213529,case_series,high
10.1055/s-0029-1240073,non_randomized_trial,high
10.1055/s-0032-1301540,non_randomized_trial,medium
10.1055/s-0039-3400132,case_series,high
10.1055/s-0043-1770253,unclear,low
10.1055/s-0041-1730447,observational,high
10.1055/s-0043-1770810,non_randomized_trial,low
10.1055/s-0046-1819673,non_randomized_trial,high
10.1055/s-2003-39047,case_series,high
10.1055/s-2005-919218,rct,high
10.1055/s-2005-919538,rct,high
10.1055/s-2006-953440,case_series,high
10.1055/s-2007-1017828,other,low
10.1055/s-2007-996659,case_series,high
10.1055/s-2007-996764,case_series,high
10.1056/nejm-jw.na41733,observational,high
10.1056/jn200504070000002,rct,high
10.1056/nejm-jw.na44259,unclear,low
10.1055/s-2005-918641,unclear,high
10.1080/00207454.2020.1838515,crossover,high
10.1056/nejmoa1303646,rct,high
10.1080/10790268.2017.1368963,case_series,high
10.1080/10874208.2012.677650,case_series,high
10.1080/0886022x.2023.2283589,rct,high
10.1080/00207454.2021.1879065,rct,high
10.1080/17434440.2025.2508872,non_randomized_trial,high
10.1081/jdi-120039823,non_randomized_trial,high
10.1089/acm.2012.0330,non_randomized_trial,high
10.1089/acm.2008.0227,crossover,high
10.1089/acu.2009.0598,case_series,high
10.1089/can.2021.0158,rct,high
10.1089/acu.2016.1194,case_series,high
10.1089/jicm.2023.0791,rct,high
10.1089/jicm.2021.0182,rct,high
10.1093/ageing/23.3.200,non_randomized_trial,high
10.1093/brain/awh079,observational,high
10.1093/ageing/afl124,case_series,high
10.1093/brain/awp170,non_randomized_trial,high
10.1093/ndt/gfaf116.1574,non_randomized_trial,high
10.1093/ndt/gft288,rct,high
10.1093/ofid/ofae631.333,observational,high
10.1093/sleep/16.4.327,crossover,high
10.1093/sleep/16.8.713,case_series,high
10.1093/sleep/19.1.52,crossover,high
10.1093/sleep/18.8.681,crossover,high
10.1093/sleep/19.10.801,case_series,high
10.1093/sleep/19.3.196,non_randomized_trial,medium
10.1093/sleep/19.3.205,case_series,high
10.1093/sleep/20.10.878,case_series,high
10.1093/sleep/21.6.617,crossover,high
10.1093/sleep/21.5.501,non_randomized_trial,high
10.1093/sleep/22.8.1073,crossover,high
10.1093/sleep/26.7.815,non_randomized_trial,high
10.1093/sleep/26.7.819,case_series,high
10.1093/sleep/27.4.674,non_randomized_trial,high
10.1093/sleep/27.5.907,rct,high
10.1093/sleep/32.2.159,crossover,high
10.1093/sleep/33.6.793,non_randomized_trial,high
10.1093/sleep/zsaa056.1262,case_series,high
10.1093/sleep/zsaa056.787,rct,high
10.1093/sleep/zsaa056.786,non_randomized_trial,high
10.1093/sleep/zsaa056.790,crossover,high
10.1093/sleep/zsaa056.792,crossover,high
10.1093/sleep/zsaa056.798,non_randomized_trial,high
10.1093/sleep/zsaa056.805,crossover,high
10.1093/sleep/zsaa056.971,case_series,high
10.1093/sleep/zsaa183,observational,high
10.1093/sleep/zsaa056.997,case_series,high
10.1093/sleep/zsab072.529,rct,high
10.1093/sleep/zsab072.530,observational,high
10.1093/sleep/zsac079.495,case_series,high
10.1093/sleep/zsac079.503,case_series,high
10.1093/sleep/zsab072.582,case_series,high
10.1093/sleep/zsac079.556,case_series,high
10.1093/sleep/zsac108,observational,high
10.1093/sleep/zsad077.0699,observational,high
10.1093/sleep/zsac079.821,case_series,high
10.1093/sleep/zsad077.0702,observational,high
10.1093/sleep/zsad077.0707,case_series,high
10.1093/sleep/zsad077.0710,rct,high
10.1093/sleep/zsad077.0987,case_series,high
10.1093/sleep/zsad077.0717,non_randomized_trial,high
10.1093/sleep/zsad077.0713,non_randomized_trial,high
10.1093/sleep/zsad154,non_randomized_trial,high
10.1093/sleep/zsad188,non_randomized_trial,high
10.1093/sleep/zsae067.01161,case_series,high
10.1093/sleep/zsae067.01180,case_series,high
10.1093/sleep/zsae067.01210,case_series,high
10.1093/sleep/zsad190,rct,high
10.1093/sleep/zsae067.01224,case_series,high
10.1093/sleep/zsae067.0390,crossover,high
10.1093/sleep/zsae067.01153,case_series,high
10.1093/sleep/zsae067.0684,observational,high
10.1093/sleep/zsae067.0685,observational,high
10.1093/sleep/zsae067.0687,rct,high
10.1093/sleep/zsae067.0701,observational,high
10.1093/sleep/zsae067.0704,non_randomized_trial,high
10.1093/sleep/zsae067.0708,non_randomized_trial,high
10.1093/sleep/zsae067.0706,case_series,high
10.1093/sleep/zsae067.0714,case_series,high
10.1093/sleep/zsae310,non_randomized_trial,high
10.1093/sleep/zsae095,rct,high
10.1093/sleep/zsae217,observational,high
10.1093/sleep/zsaf090.0902,non_randomized_trial,high
10.1093/sleep/zsaf090.0906,case_series,high
10.1093/sleep/zsaf090.0903,non_randomized_trial,high
10.1093/sleep/zsaf090.0904,observational,high
10.1093/sleep/zsaf090.0907,observational,high
10.1093/sleep/zsaf090.0910,case_series,high
10.1093/sleep/zsaf090.0911,observational,high
10.1093/sleep/zsae067.0712,non_randomized_trial,high
10.1093/sleep/zsaf090.1420,case_series,high
10.1093/sleep/zsaf090.1421,case_series,high
10.1093/sleep/zsaf090.1457,case_series,high
10.1093/sleep/zsaf090.1443,case_series,high
10.1093/sleep/zsaf090.1468,case_series,high
10.1093/sleep/zsaf090.1485,case_series,high
10.1093/sleep/zsaf090.1496,case_series,high
10.1093/sleep/zsy061.661,non_randomized_trial,high
10.1093/sleep/zsag008,observational,high
10.1093/sleep/zsy061.663,case_series,high
10.1093/sleep/zsy061.667,case_series,high
10.1093/sleep/zsy061.665,non_randomized_trial,high
10.1093/sleep/zsy063.1105,case_series,high
10.1093/sleep/zsz067.663,case_series,high
10.1093/sleep/zsz067.664,non_randomized_trial,high
10.1093/sleep/zsz067.666,observational,high
10.1093/sleep/zsz067.655,case_series,high
10.1093/sleep/zsz067.670,observational,high
10.1093/sleep/zsz234,observational,high
10.1093/sleepj/zsx050.720,observational,high
10.1093/sleepj/zsx050.746,rct,high
10.1093/sleepj/zsx052.015,case_series,high
10.1096/fasebj.20.4.a191-a,case_series,high
10.1093/sleep/zsz223,other,high
10.1097/00002826-198702000-00007,non_randomized_trial,high
10.1097/00002826-198610000-00006,case_series,high
10.1097/00002826-200403000-00008,case_series,high
10.1097/00002826-199704000-00006,case_series,high
10.1097/00005768-200505001-00665,rct,high
10.1097/00004714-198812000-00017,unclear,low
10.1097/00004850-199801000-00011,unclear,low
10.1097/01.jcp.0000246205.88281.d8,case_series,medium
10.1097/01.wnf.0000135480.78529.06,crossover,high
10.1097/01.wnf.0000194706.61224.29,case_series,high
10.1097/00007611-199808000-00007,case_series,high
10.1097/01720610-200903000-00007,case_series,high
10.1097/aln.0b013e31826e7038,case_series,high
10.1097/j.pain.0000000000003311,case_series,high
10.1097/jcp.0000000000000225,case_series,high
10.1097/mat.0000000000000271,rct,high
10.1097/jcp.0b013e31818b2764,case_series,high
10.1097/mat.0000000000000622,crossover,high
10.1097/mat.0b013e3181f1cc04,non_randomized_trial,high
10.1097/md.0000000000026800,case_series,high
10.1097/mat.0b013e3181641b07,non_randomized_trial,high
10.1097/md.0000000000032317,crossover,high
10.1097/md.0000000000034046,non_randomized_trial,high
10.1097/md.0b013e31815b1319,case_series,high
10.1097/nrl.0000000000000552,case_series,high
10.1097/wnf.0000000000000203,case_series,high
10.1097/wnf.0000000000000072,case_series,high
10.1097/wnf.0000000000000070,case_series,high
10.1097/nen.0b013e3180517b5f,other,high
10.1097/md.0000000000039926,rct,high
10.1097/wnf.0b013e31805930c2,crossover,high
10.1097/wnf.0b013e31815a3eec,rct,high
10.1097/wnf.0b013e31818f1125,case_series,high
10.1097/wnf.0b013e3181b3ab16,rct,high
10.1097/wnf.0b013e3182087d48,non_randomized_trial,high
10.1097/wnf.0b013e31824c1c3f,case_series,high
10.1097/wnf.0b013e3181fd82a1,crossover,high
10.1097/wnf.0b013e318259eac8,rct,high
10.1097/wnp.0b013e31815a0038,non_randomized_trial,high
10.1097/wnf.0b013e31804c780e,case_series,high
10.1097/wnf.0b013e3182746a5b,case_series,high
10.1097/yct.0000000000000695,case_series,high
10.1111/1744-9987.13802,rct,high
10.1111/1744-9987.13987,crossover,high
10.1111/ane.13075,observational,high
10.1111/ane.12890,observational,high
10.1111/ane.13213,case_series,high
10.1111/apa.12173,case_series,high
10.1111/ene.12001,case_series,high
10.1111/ene.12286,non_randomized_trial,high
10.1111/aphw.12183,case_series,high
10.1111/hdi.70031,rct,high
10.1111/hdi.12978,case_series,high
10.1111/iju.70036,observational,high
10.1111/j.1365-2710.2009.01051.x,case_series,high
10.1111/j.0954-6820.1985.tb08851.x,rct,high
10.1111/j.1365-2044.2007.05246.x,case_series,high
10.1111/j.1423-0410.2010.01368.x,rct,high
10.1111/j.1440-1819.1992.tb00548.x,non_randomized_trial,high
10.1111/j.1440-1819.2008.01879.x,case_series,high
10.1111/j.1440-1819.2009.02053.x,case_series,high
10.1111/j.1468-1331.2004.00960.x,non_randomized_trial,high
10.1111/j.1440-1819.2011.02212.x,case_series,high
10.1111/j.1468-1331.2006.01459.x,case_series,high
10.1111/j.1468-1331.2012.03719.x,observational,high
10.1111/j.1468-1331.2008.02526.x,case_series,high
10.1111/j.1524-4725.1995.tb00183.x,case_series,high
10.1111/j.1469-8749.2010.03619.x,case_series,high
10.1111/j.1600-0404.1984.tb07826.x,crossover,high
10.1111/j.1600-0404.1999.tb00732.x,case_series,high
10.1111/j.1532-5415.1971.tb01557.x,case_series,high
10.1111/j.1600-0404.2006.00669.x,non_randomized_trial,high
10.1111/j.1600-0404.2012.01707.x,case_series,high
10.1111/j.1600-0404.2007.00796.x,case_series,high
10.1111/j.1600-0447.1991.tb05581.x,case_series,high
10.1111/jgh.15803,non_randomized_trial,high
10.1111/jnu.12738,rct,high
10.1111/jsr.13794,observational,high
10.1111/jsr.12053,observational,high
10.1111/jsr.14066,case_series,high
10.1111/jsr.14167,non_randomized_trial,high
10.1111/jsr.13216,other,high
10.1111/jsr.14311,non_randomized_trial,high
10.1111/jsr.14303,non_randomized_trial,high
10.1111/liv.12035,case_series,high
10.1111/jsr.14389,observational,high
10.1111/ner.13462,observational,high
10.1111/ner.13532,case_series,high
10.1111/ncn3.12594,case_series,high
10.1111/pcn.12095,case_series,high
10.1111/pcn.13184,case_series,high
10.1111/psyg.12043,case_series,high
10.1111/psyg.70049,case_series,high
10.1111/sdi.70014,case_series,high
10.1111/trf.12061,observational,high
10.1136/archdischild-2015-308599.308,case_series,high
10.1136/bcr-2014-206679,case_series,high
10.1111/papr.13349,case_series,high
10.1136/bcr-2020-240686,case_series,high
10.1136/bcr-2023-255700,case_series,high
10.1136/bmj.288.6415.444,rct,high
10.1136/bmj.330.7487.330,case_series,high
10.1136/bmj.d8347,case_series,high
10.1136/bmjresp-2023-bssconf.13,case_series,high
10.1136/jnnp.2003.034843,non_randomized_trial,high
10.1136/jnnp.2005.075671,case_series,high
10.1136/bmjspcare-2014-000691,non_randomized_trial,high
10.1136/jnnp.2008.147397,rct,high
10.1136/jnnp.2007.138867,non_randomized_trial,high
10.1136/jnnp.2008.152652,case_series,high
10.1136/pgmj.69.815.701,observational,high
10.1136/jnnp.53.6.522,case_series,high
10.1155/2012/893681,case_series,high
10.1155/2012/294058,rct,high
10.1155/2013/628142,non_randomized_trial,high
10.1155/2015/343201,non_randomized_trial,high
10.1155/2022/7330308,rct,high
10.1155/crnm/1198600,case_series,high
10.1159/000008138,rct,high
10.1159/000026658,non_randomized_trial,high
10.1159/000026659,non_randomized_trial,high
10.1159/000058050,non_randomized_trial,medium
10.1159/000077943,non_randomized_trial,high
10.1159/000072882,non_randomized_trial,high
10.1159/000114904,case_series,high
10.1159/000099947,non_randomized_trial,high
10.1159/000116643,case_series,high
10.1159/000228261,case_series,high
10.1159/000494737,case_series,high
10.1159/000508803,observational,high
10.1159/000518911,case_series,high
10.1159/000354408,other,high
10.11604/pamj.2021.38.318.28836,case_series,high
10.1161/atvb.36.suppl_1.331,case_series,high
10.1161/jaha.120.018674,observational,high
10.1161/res.119.suppl_1.232,non_randomized_trial,high
10.1159/000322289,non_randomized_trial,medium
10.1176/ajp.141.8.993,case_series,high
10.1176/appi.neuropsych.12120394,observational,high
10.1176/pn.47.10.psychnews_47_10_18-a,other,high
10.1177/001857870003500604,case_series,high
10.1177/106002809402800711,case_series,high
10.1177/1054773810388557,observational,high
10.1177/0091270012439209,non_randomized_trial,high
10.1177/1756286418759973,non_randomized_trial,high
10.1177/21501327211019590,case_series,high
10.1177/2333794x19884816,non_randomized_trial,medium
10.1177/2045125316672133,case_series,high
10.1179/1753615412y.0000000011,rct,high
10.1177/0091270009338481,non_randomized_trial,high
10.1185/030079906x132442,rct,high
10.1182/blood.v120.21.2283.2283,observational,high
10.1185/03007995.2012.746217,rct,high
10.1186/1471-2369-14-194,rct,high
10.1185/03007995.2015.1103216,rct,high
10.1185/03007995.2013.841666,crossover,high
10.1186/1471-2377-10-86,non_randomized_trial,high
10.1186/1471-2377-12-106,case_series,high
10.1186/1472-6882-12-s1-o55,rct,high
10.1186/1472-6882-12-s1-p212,non_randomized_trial,high
10.1186/1752-1947-4-286,case_series,high
10.1186/1752-1947-4-306,case_series,high
10.1186/s10194-025-01976-7,case_series,high
10.1186/s12879-021-06683-7,case_series,high
10.1186/s12877-025-05724-z,case_series,high
10.1186/s12883-020-01875-1,case_series,high
10.1186/s12882-021-02455-2,case_series,high
10.1186/s12906-022-03814-8,rct,high
10.1186/s12883-023-03462-6,non_randomized_trial,high
10.1186/s12905-024-03159-z,rct,high
10.1186/s12888-024-05763-7,case_series,high
10.1186/s40734-015-0018-3,rct,high
10.1212/01.wnl.0000113752.14744.15,case_series,high
10.1212/01.wnl.0000120672.94060.f1,crossover,high
10.1212/01.wnl.0000124465.20878.84,rct,high
10.1212/01.wnl.0000147297.51023.c8,rct,high
10.1212/01.wnl.0000237742.08297.22,rct,high
10.1212/01.wnl.0000310984.45538.89,crossover,high
10.1212/01.wnl.0000325994.93782.a1,rct,high
10.1212/01.wnl.0000252368.25106.b6,case_series,high
10.1212/01.wnl.0000243244.07887.01,case_series,high
10.1212/01.wnl.0000341770.91926.cc,rct,high
10.1212/cpj.0000000000000276,case_series,high
10.1212/wnl.0000000000002327,case_series,high
10.1212/wnl.0000000000002649,rct,high
10.1212/wnl.0000000000200595,case_series,high
10.1212/wnl.0000000000006175,non_randomized_trial,medium
10.1212/wnl.0000000000201772,non_randomized_trial,medium
10.1212/wnl.0000000000206855,observational,high
10.1212/wnl.0b013e3182242d91,non_randomized_trial,high
10.1212/wnl.0b013e3181e1ce73,rct,high
10.1212/wnl.0b013e31826b96e4,rct,high
10.1212/wnl.0b013e318230207a,case_series,high
10.1212/wnl.0b013e318278b5e7,case_series,high
10.1212/wnl.35.1.130,case_series,high
10.1212/wnl.36.10.1363,case_series,high
10.1212/wnl.38.12.1845,non_randomized_trial,high
10.1212/wnl.47.6.1435,case_series,high
10.1212/wnl.51.1.311-b,unclear,low
10.1212/wnl.51.3.912,unclear,low
10.1212/wnl.51.6.1599,rct,high
10.1212/wnl.51.4.1221,non_randomized_trial,high
10.1212/wnl.0000000000000454,,
10.1212/wnl.52.2.285,crossover,high
10.1212/wnl.52.5.938,crossover,high
10.1212/wnl.52.5.944,crossover,high
10.1212/wnl.56.10.1399,non_randomized_trial,high
10.1212/wnl.55.10.1589,observational,high
10.1212/wnl.57.9.1717,case_series,high
10.1212/wnl.80.7_supplement.p02.059,non_randomized_trial,medium
10.1212/wnl.63.12.e21,unclear,low
10.1212/wnl.80.7_supplement.p02.067,case_series,high
10.1212/wnl.82.10_supplement.i3-1.009,rct,high
10.1212/wnl.82.10_supplement.p5.266,case_series,high
10.1212/wnl.80.7_supplement.p02.060,non_randomized_trial,medium
10.1212/wnl.82.10_supplement.p5.268,rct,high
10.1212/wnl.82.10_supplement.p5.288,crossover,high
10.1212/wnl.82.10_supplement.p5.289,rct,high
10.1212/wnl.82.10_supplement.p5.290,rct,high
10.1212/wnl.84.14_supplement.p7.295,crossover,high
10.1212/wnl.84.14_supplement.p7.298,rct,high
10.1212/wnl.84.14_supplement.p7.296,non_randomized_trial,high
10.1212/wnl.84.14_supplement.p7.300,rct,high
10.1212/wnl.84.14_supplement.p7.299,rct,high
10.1212/wnl.84.14_supplement.p7.304,non_randomized_trial,high
10.1212/wnl.88.16_supplement.p3.029,crossover,high
10.1213/01.ane.0000159376.47974.71,case_series,high
10.1213/xaa.0000000000001007,case_series,high
10.1227/01.neu.0000311089.04014.91,case_series,high
10.1227/01.neu.0000325674.02282.cc,case_series,high
10.1249/00005768-200505001-00665,rct,high
10.1249/01.mss.0000402524.14521.c7,case_series,high
10.1258/phleb.2007.007051,non_randomized_trial,high
10.1249/01.mss.0000535256.72075.f3,case_series,high
10.12669/pjms.40.5.8400,rct,high
10.12681/eadd/23198,non_randomized_trial,high
10.12890/2022_003398,case_series,high
10.12890/2025_005698,case_series,high
10.13078/jksrs.14004,non_randomized_trial,high
10.13078/jsm.17006,case_series,high
10.12998/wjcc.v13.i25.108244,case_series,high
10.12659/msm.900520,rct,high
10.13078/jsm.18005,non_randomized_trial,high
10.1345/aph.18024,other,high
10.13078/jsm.240003,case_series,high
10.12968/ijtr.2017.0132,non_randomized_trial,high
10.1345/aph.1l035,case_series,high
10.1345/aph.1m183,case_series,high
10.13703/j.0255-2930.2016.06.011,rct,high
10.1371/journal.pone.0173535,observational,high
10.1371/journal.pone.0155835,non_randomized_trial,high
10.1371/journal.pone.0174793,observational,high
10.1358/dot.2006.42.1.932510,other,high
10.1371/journal.pone.0230951,rct,high
10.14260/jemds/2019/399,observational,medium
10.1378/chest.08-1665,rct,high
10.14309/00000434-200809001-00268,observational,high
10.14309/00000434-200809001-00277,non_randomized_trial,high
10.14442/general.15.52,case_series,high
10.14401/kasmed.2013.20.1.035,observational,high
10.13703/j.0255-2930.20190323-k0001,rct,high
10.14710/nmjn.v12i3.46307,rct,high
10.1515/jcim-2014-0069,case_series,high
10.1515/jcim-2020-0121,rct,high
10.1517/14656566.2013.758251,non_randomized_trial,high
10.1515/med-2024-1125,non_randomized_trial,high
10.1517/14656566.3.10.1481,other,high
10.15171/jrip.2017.22,non_randomized_trial,high
10.15171/jrip.2019.20,crossover,high
10.15171/npj.2018.22,crossover,high
10.15171/npj.2018.27,rct,high
10.15406/ogij.2020.11.00495,non_randomized_trial,high
10.15406/ppij.2016.04.00079,case_series,high
10.1590/1806-9282.20240145,rct,high
10.1542/pir.27.6.231,case_series,high
10.1590/s0004-282x2002000600027,case_series,high
10.1590/s1807-59322011001100017,observational,high
10.16965/ijpr.2017.176,unclear,low
10.17241/smr.2018.00171,observational,high
10.17049/jnursology.1457904,observational,high
10.17241/smr.2025.02838,observational,high
10.17340/jkna.2018.2.11,case_series,high
10.17795/nmsjournal29617,rct,high
10.17942/sted.884979,other,high
10.17816/nb65268,rct,high
10.18071/isz.78.0037,non_randomized_trial,high
10.18203/2320-6012.ijrms20161779,non_randomized_trial,high
10.18773/austprescr.2008.011,case_series,high
10.19161/etd.1382369,case_series,high
10.19044/esj.2018.v14n30p371,non_randomized_trial,high
10.20515/otd.1233819,observational,high
10.19540/j.cnki.cjcmm.20180115.001,case_series,high
10.20944/preprints202404.0825.v1,case_series,high
10.20969/vskm.2025.18(2).24-28,observational,high
10.21203/rs.3.rs-2129070/v1,case_series,high
10.21203/rs.3.rs-1789947/v1,case_series,high
10.21203/rs.3.rs-4155296/v1,case_series,high
10.21203/rs.3.rs-4192475/v1,case_series,high
10.21203/rs.3.rs-8815425/v1,case_series,high
10.2147/jprls.s40354,rct,high
10.2147/dhps.s67328,other,high
10.2147/jprls.s40358,rct,high
10.2147/jprls.s40804,rct,high
10.2147/jprls.s47648,case_series,high
10.2147/jprls.s53015,non_randomized_trial,high
10.2147/jprls.s58556,non_randomized_trial,high
10.2147/nss.s528340,case_series,high
10.2147/jprls.s77560,case_series,medium
10.2147/nss.s421189,case_series,high
10.2147/nss.s448579,observational,high
10.21608/asnj.2025.336528.1951,non_randomized_trial,high
10.21608/ejhc.2022.249361,non_randomized_trial,high
10.21608/ejhm.2025.422606,rct,high
10.2165/00023210-200721050-00008,rct,high
10.2165/00023210-200822100-00001,rct,high
10.2165/11634870-000000000-00000,rct,high
10.2169/internalmedicine.45.1555,case_series,high
10.2169/internalmedicine.55.6815,case_series,high
10.2169/internalmedicine.51.6853,case_series,high
10.2169/internalmedicine.52.9013,case_series,high
10.2169/naika.78.1462,case_series,high
10.2147/nss.s532626,observational,high
10.2174/0118746136268741240328062217,non_randomized_trial,medium
10.2174/1874205x01509010004,case_series,high
10.22038/ebcj.2020.51306.2366,rct,high
10.22038/ijogi.2020.16880,rct,high
10.2215/cjn.10451110,observational,high
10.22246/jikm.2016.37.5.717,case_series,high
10.22246/jikm.2018.39.2.116,case_series,high
10.22246/jikm.2023.44.2.146,case_series,high
10.22246/jikm.2019.40.2.270,case_series,high
10.22365/jpsych.2016.273.222,case_series,high
10.22399/ijcesen.1243,non_randomized_trial,high
10.22541/au.162935801.10999591/v1,rct,high
10.2344/anpr-67-02-10,case_series,high
10.23736/s0031-0808.20.04046-x,non_randomized_trial,high
10.23937/2572-3243.1510078,case_series,high
10.24198/jkp.v5i1.349,non_randomized_trial,high
10.24252/join.v3i2.3673,non_randomized_trial,high
10.22541/au.167368683.36924943/v1,rct,high
10.24966/crts-310x/100020,case_series,high
10.24966/csmc-8801/1000179,unclear,medium
10.2512/jspm.6.344,case_series,high
10.25236/bemes.2018.021,non_randomized_trial,high
10.25259/jnrp_226_2025,non_randomized_trial,high
10.25419/rcsi.12764993.v2,observational,high
10.26180/5d13f3e1a5784,rct,high
10.29252/ijn.27.90.91.94,rct,high
10.29271/jcpsp.2019.04.309,case_series,high
10.29252/qums.12.8.48,non_randomized_trial,high
10.29407/judika.v9i2.27428,case_series,high
10.29399/npa.27827,case_series,high
10.30621/jbachs.1277737,case_series,high
10.30773/pi.2017.08.21,observational,high
10.30978/unj2018-3-46,non_randomized_trial,high
10.3109/00207458708987132,case_series,high
10.3109/07853890.2015.1025825,rct,high
10.3109/00207458809000489,case_series,high
10.31004/prepotif.v9i2.41376,non_randomized_trial,high
10.3109/09593985.2010.502210,rct,high
10.3109/09593985.2010.511440,rct,high
10.3109/09593985.2015.1087613,non_randomized_trial,high
10.3109/00207454.2011.602774,non_randomized_trial,high
10.3109/08039489709109095,case_series,high
10.3122/jabfm.19.5.487,rct,high
10.3121/cmr.2018.1389,rct,high
10.3122/jabfm.2018.05.180065,rct,high
10.3122/jabfm.2011.04.100173,rct,high
10.31450/ukrjnd.4(84).2024.10,non_randomized_trial,high
10.31579/2690-8794/105,case_series,high
10.31579/2835-785x/095,case_series,high
10.32598/cmja.12.2.1162.1,non_randomized_trial,high
10.32598/jccnc.4.2.96,non_randomized_trial,medium
10.3345/kjp.2008.51.11.1222,case_series,high
10.3321/j.issn:1006-7876.2008.06.014,case_series,high
10.3346/jkms.2008.23.3.533,case_series,high
10.33653/jkp.v6i2.283,non_randomized_trial,high
10.33755/jkk.v12i1.955,rct,high
10.3389/fmed.2025.1607307,rct,high
10.3389/fmed.2025.1571045,rct,high
10.3389/fmed.2025.1725747,case_series,high
10.3389/fneur.2017.00287,case_series,high
10.3389/fneur.2019.00457,case_series,high
10.3389/fneur.2021.786408,non_randomized_trial,high
10.3389/fneur.2023.1219881,case_series,high
10.3389/fnhum.2026.1723992,case_series,high
10.3389/fnins.2017.00722,other,medium
10.3389/fnins.2020.00873,non_randomized_trial,high
10.3389/fpsyt.2023.1254936,non_randomized_trial,high
10.3389/fnins.2024.1333188,case_series,high
10.3390/geriatrics6040099,rct,high
10.3390/healthcare12161570,case_series,high
10.3390/jcm15082845,non_randomized_trial,high
10.3390/jcm11061673,case_series,high
10.3390/jcm8091403,non_randomized_trial,high
10.3390/jcm8122212,observational,high
10.3390/nu12051313,rct,high
10.3390/life15081289,case_series,high
10.3390/jcm9124115,non_randomized_trial,high
10.3390/toxins10100401,crossover,high
10.34172/jnp.2020.25,rct,high
10.35248/2167-0277.20.9.318,non_randomized_trial,high
10.36590/kepo.v6i1.1184,case_series,high
10.36948/ijfmr.2024.v06i04.24569,case_series,high
10.3727/036012921x16164310686833,case_series,high
10.37063/jurnalantarakeperawatan.v3i3.396,non_randomized_trial,high
10.3760/cma.j.issn.1006-7876.2012.09.002,rct,high
10.3760/cma.j.issn.1001-7097.2017.10.004,rct,high
10.37551/s2254-28842021037,non_randomized_trial,high
10.3760/cma.j.issn.1008-6315.2001.11.017,non_randomized_trial,medium
10.3760/cma.j.issn.1672-7088.2010.10.011,case_series,high
10.3760/cma.j.issn.1673-4351.2014.07.018,non_randomized_trial,high
10.3760/cma.j.issn.1671-8925.2010.04.019,case_series,high
10.3760/cma.j.issn.1673-4238.2013.01.010,rct,high
10.3777/jjsam.69.210,case_series,high
10.37848/jurnal.v5i1.19,non_randomized_trial,high
10.3822/ijtmb.v15i2.705,rct,high
10.3844/amjsp.2011.104.110,non_randomized_trial,high
10.3923/ijp.2025.131.137,rct,high
10.3937/kampomed.66.307,case_series,high
10.3937/kampomed.71.362,case_series,high
10.3988/jcn.2013.9.1.51,non_randomized_trial,high
10.3988/jcn.2025.0092,rct,high
10.3988/jcn.2017.13.4.340,non_randomized_trial,high
10.4009/jsdt.36.207,non_randomized_trial,high
10.4009/jsdt.47.145,case_series,high
10.4009/jsdt.44.1155,non_randomized_trial,high
10.4021/jmc901w,case_series,high
10.4065/73.6.497,non_randomized_trial,high
10.4065/mcp.2009.0700,rct,high
10.4065/78.1.52,case_series,high
10.4067/s0034-98872016001200007,case_series,high
10.4065/81.1.17,rct,high
10.4067/s0034-98872019001201569,case_series,high
10.4081/reumatismo.2023.1557,case_series,high
10.4103/0253-7176.127262,case_series,high
10.4088/jcp.v60n0407,non_randomized_trial,high
10.4103/0256-4947.51779,case_series,high
10.4088/jcp.v68n0423c,case_series,high
10.4103/0366-6999.159344,non_randomized_trial,high
10.4103/0972-2327.194424,rct,high
10.4103/1319-2442.152417,rct,high
10.4103/1735-9066.180381,rct,high
10.4103/0976-3147.105625,case_series,high
10.4103/ijcm.ijcm_914_22,non_randomized_trial,high
10.4103/ijnmr.ijnmr_133_18,rct,high
10.4103/jmedsci.jmedsci_201_24,case_series,high
10.4103/jfmpc.jfmpc_640_20,case_series,high
10.4103/jmh.jmh_25_18,rct,high
10.4103/jmh.jmh_26_18,rct,high
10.4103/jpbs.jpbs_937_24,non_randomized_trial,high
10.4103/neurol-india.neurol-india-d-25-00070,case_series,high
10.4149/bll_2015_077,observational,high
10.4172/2161-0959.1000128,non_randomized_trial,high
10.4103/nsn.nsn_221_20,non_randomized_trial,high
10.4254/wjh.v10.i3.379,observational,high
10.4274/jmsr.galenos.2024.2024-2-1,case_series,high
10.4274/jtsm.018,case_series,high
10.4274/tftr.27122,case_series,high
10.4306/pi.2009.6.4.313,case_series,high
10.4306/pi.2014.11.2.204,case_series,high
10.4324/9781315754093.ch21,case_series,high
10.47671/tvg.79.23.012,case_series,high
10.46570/utjms-2025-1369,case_series,high
10.46393/27132129_2024_2_78,non_randomized_trial,high
10.4414/smw.2011.13274,crossover,high
10.5114/areh.2025.154337,rct,high
10.51321/jskmcp.2020.20.1.53,case_series,high
10.52783/jchr.v15.i6.10944,rct,high
10.51642/ppmj.v34i04.590,rct,high
10.5281/zenodo.6892050,non_randomized_trial,medium
10.52768/3067-3852/1032,case_series,high
10.5281/zenodo.7826121,case_series,medium
10.5336/medsci.2021-84596,case_series,high
10.53846/goediss-10081,non_randomized_trial,high
10.53730/ijhs.v6ns6.13109,non_randomized_trial,high
10.54029/2022exz,case_series,high
10.54393/pbmj.v5i3.339,rct,high
10.5414/cpp49109,non_randomized_trial,high
10.54393/pjhs.v4i06.888,non_randomized_trial,high
10.5455/bcp.20131105021804,case_series,high
10.54393/pbmj.v9i1.1328,non_randomized_trial,high
10.5468/kjog.2010.53.10.940,case_series,high
10.5472/marumj.1479815,case_series,high
10.5580/1b1f,case_series,high
10.5505/epilepsi.2013.39205,observational,high
10.5505/amj.2020.02703,non_randomized_trial,medium
10.5662/wjm.v15.i1.97171,case_series,high
10.5664/jcsm.10152,case_series,high
10.5664/jcsm.10536,crossover,high
10.5664/jcsm.11846,observational,high
10.5664/jcsm.1074,rct,high
10.5664/jcsm.2036,case_series,high
10.5664/jcsm.11206,non_randomized_trial,high
10.5664/jcsm.2168,case_series,high
10.5664/jcsm.3964,crossover,high
10.5664/jcsm.3092,case_series,high
10.5664/jcsm.5920,crossover,high
10.5664/jcsm.4290,non_randomized_trial,high
10.5664/jcsm.7400,case_series,high
10.5664/jcsm.7766,non_randomized_trial,high
10.5664/jcsm.7810,non_randomized_trial,high
10.5664/jcsm.7908,observational,high
10.5664/jcsm.8060,case_series,high
10.5664/jcsm.8134,rct,high
10.5664/jcsm.8696,case_series,high
10.5664/jcsm.8756,case_series,high
10.5664/jcsm.9404,crossover,high
10.5664/jcsm.9690,case_series,high
10.5664/jcsm.9874,case_series,high
10.5665/sleep.3558,crossover,high
10.5692/clinicalneurol.50.385,observational,high
10.5692/clinicalneurol.cn-001176,case_series,high
10.5812/asjsm.31001,non_randomized_trial,high
10.5812/jjnpp.62178,rct,high
10.5812/numonthly.119463,non_randomized_trial,high
10.5692/clinicalneurol.cn-001048,case_series,high
10.58355/dirosat.v1i4.42,non_randomized_trial,high
10.5937/engrami1402091s,case_series,high
10.59736/ijp.23.02.952,non_randomized_trial,high
10.6018/sportk.512761,non_randomized_trial,high
10.6061/clinics/2013(04)06,non_randomized_trial,high
10.61186/sjku.29.4.49,non_randomized_trial,high
10.60147/f62a1452,case_series,high
10.61919/jhrr.v3i2.248,rct,high
10.64898/2025.12.26.696558,rct,high
10.64252/tkx42w69,rct,high
10.61919/jhrr.v4i2.807,non_randomized_trial,high
10.70332/jkp.v1i1.6,non_randomized_trial,high
10.7243/2052-6946-5-1,case_series,high
10.7176/jhmn/68-10,non_randomized_trial,high
10.7231/jon.2015.26.4.357,non_randomized_trial,high
10.7326/acpjc-2000-132-1-024,rct,high
10.7556/jaoa.2016.088,non_randomized_trial,high
10.7730/jscm.2015.27.4.419,case_series,high
10.7759/cureus.105315,case_series,high
10.69980/ajpr.v28i1.77,non_randomized_trial,high
10.7759/cureus.12034,non_randomized_trial,high
10.7759/cureus.32805,case_series,high
10.7759/cureus.4368,case_series,high
10.7759/cureus.20775,case_series,high
10.7759/cureus.57354,case_series,high
10.7759/cureus.78159,case_series,high
10.7916/d8348j3b,case_series,high
10.7759/cureus.91241,case_series,high
10.7916/d8m61j0p,case_series,high
10.7916/d8xd10d9,case_series,high
10.9758/cpn.22.1021,case_series,high
10.9758/cpn.25.1316,case_series,high
pmid_10416230,case_series,high
pmid_10697985,case_series,high
pmid_10811379,non_randomized_trial,high
pmid_10696651,non_randomized_trial,high
pmid_10947026,case_series,high
pmid_11808358,case_series,high
pmid_12166546,other,medium
pmid_12841721,crossover,high
pmid_12462942,case_series,medium
pmid_14651138,case_series,high
pmid_14707315,rct,high
pmid_15168262,case_series,high
pmid_15283013,case_series,high
pmid_15467992,case_series,high
pmid_15565533,case_series,high
pmid_16318146,non_randomized_trial,high
pmid_15662897,observational,high
pmid_17128523,non_randomized_trial,medium
pmid_17432089,case_series,high
pmid_17557456,case_series,high
pmid_17511286,case_series,high
pmid_17561538,case_series,high
pmid_18189076,case_series,high
pmid_17948213,case_series,high
pmid_18257184,non_randomized_trial,high
pmid_17557494,case_series,high
pmid_18516284,case_series,high
pmid_18788648,non_randomized_trial,high
pmid_19039990,case_series,high
pmid_19603292,case_series,high
pmid_19284179,rct,high
pmid_20957852,case_series,high
pmid_21089214,non_randomized_trial,high
pmid_2046771,crossover,high
pmid_20120624,observational,high
pmid_2194708,case_series,high
pmid_21948008,case_series,high
pmid_23094294,case_series,high
pmid_22737548,crossover,high
pmid_23852842,non_randomized_trial,high
pmid_23156076,observational,high
pmid_24247058,other,medium
pmid_25532586,non_randomized_trial,high
pmid_2507405,non_randomized_trial,high
pmid_27280102,case_series,high
pmid_2928741,rct,high
pmid_2929037,case_series,medium
pmid_31249480,case_series,high
pmid_3344406,case_series,high
pmid_3557297,case_series,high
pmid_38518173,rct,high
pmid_3946115,case_series,high
pmid_7063822,case_series,high
pmid_8259469,case_series,high
pmid_8588396,crossover,high
pmid_8723378,crossover,high
pmid_9340624,case_series,high
pmid_953882,case_series,high
pmid_30090683,case_series,high
pmid_9538563,non_randomized_trial,high
